지점,지점명,일시,합계 일사량(MJ/m2)
90,속초,2022-08,0
90,속초,2024-04,211.45
90,속초,2024-05,646.8
90,속초,2024-06,687.49
90,속초,2024-07,498.29
90,속초,2024-08,588.88
90,속초,2024-09,336.95
90,속초,2024-10,291.84
90,속초,2024-11,269.69
90,속초,2024-12,269.29
90,속초,2025-01,284.1
90,속초,2025-02,401.34
90,속초,2025-03,452.05
90,속초,2025-04,604.54
90,속초,2025-05,628.93
90,속초,2025-06,607
90,속초,2025-07,584.93
90,속초,2025-08,565.92
90,속초,2025-09,410.63
90,속초,2025-10,219.42
90,속초,2025-11,309.83
90,속초,2025-12,250.35
93,북춘천,2016-10,381.67
93,북춘천,2016-11,259.88
93,북춘천,2016-12,204.42
93,북춘천,2017-01,286.3
93,북춘천,2017-02,356.79
93,북춘천,2017-03,436.28
93,북춘천,2017-04,560.07
93,북춘천,2017-05,645.7
93,북춘천,2017-06,656.82
93,북춘천,2017-07,421.28
93,북춘천,2017-08,438.14
93,북춘천,2017-09,480.31
93,북춘천,2017-10,366.06
93,북춘천,2017-11,267.52
93,북춘천,2017-12,248.12
93,북춘천,2018-01,297.61
93,북춘천,2018-02,345.45
93,북춘천,2018-03,434.45
93,북춘천,2018-04,505.89
93,북춘천,2018-05,577.58
93,북춘천,2018-06,628.31
93,북춘천,2018-07,520.07
93,북춘천,2018-08,464.48
93,북춘천,2018-09,397.14
93,북춘천,2018-10,314.48
93,북춘천,2018-11,206.42
93,북춘천,2018-12,216.07
93,북춘천,2019-01,251.44
93,북춘천,2019-02,324.29
93,북춘천,2019-03,431.23
93,북춘천,2019-04,525.84
93,북춘천,2019-05,742.98
93,북춘천,2019-06,652.98
93,북춘천,2019-07,494.97
93,북춘천,2019-08,583.7
93,북춘천,2019-09,395.49
93,북춘천,2019-10,372.17
93,북춘천,2019-11,272.42
93,북춘천,2019-12,217.32
93,북춘천,2020-01,278.76
93,북춘천,2020-02,331.85
93,북춘천,2020-03,509.82
93,북춘천,2020-04,605.88
93,북춘천,2020-05,583.23
93,북춘천,2020-06,650.42
93,북춘천,2020-07,511.36
93,북춘천,2020-08,356.98
93,북춘천,2020-09,421.25
93,북춘천,2020-10,420.29
93,북춘천,2020-11,287.49
93,북춘천,2020-12,268.95
93,북춘천,2021-01,274.71
93,북춘천,2021-02,366.24
93,북춘천,2021-03,471.84
93,북춘천,2021-04,564.07
93,북춘천,2021-05,569.66
93,북춘천,2021-06,599.05
93,북춘천,2021-07,697.93
93,북춘천,2021-08,480.64
93,북춘천,2021-09,464.07
93,북춘천,2021-10,342.76
93,북춘천,2021-11,271.29
93,북춘천,2021-12,252.38
93,북춘천,2022-01,314.35
93,북춘천,2022-02,380.96
93,북춘천,2022-03,427.61
93,북춘천,2022-04,620.33
93,북춘천,2022-05,716.21
93,북춘천,2022-06,497.81
93,북춘천,2022-07,582.61
93,북춘천,2022-08,421.2
93,북춘천,2022-09,496.4
93,북춘천,2022-10,382.09
93,북춘천,2022-11,275.44
93,북춘천,2022-12,275.54
93,북춘천,2023-01,286.03
93,북춘천,2023-02,355.77
93,북춘천,2023-03,513.1
93,북춘천,2023-04,493.38
93,북춘천,2023-05,663.67
93,북춘천,2023-06,628.49
93,북춘천,2023-07,541.12
93,북춘천,2023-08,513.58
93,북춘천,2023-09,442.32
93,북춘천,2023-10,380.93
93,북춘천,2023-11,275.53
93,북춘천,2023-12,226.19
93,북춘천,2024-01,289.42
93,북춘천,2024-02,277.25
93,북춘천,2024-03,456.76
93,북춘천,2024-04,548.13
93,북춘천,2024-05,661.55
93,북춘천,2024-06,717.25
93,북춘천,2024-07,457.72
93,북춘천,2024-08,600.72
93,북춘천,2024-09,438.4
93,북춘천,2024-10,343.41
93,북춘천,2024-11,306
93,북춘천,2024-12,282.07
93,북춘천,2025-01,270.13
93,북춘천,2025-02,408.16
93,북춘천,2025-03,477.56
93,북춘천,2025-04,593.18
93,북춘천,2025-05,582.4
93,북춘천,2025-06,598.66
93,북춘천,2025-07,578.7
93,북춘천,2025-08,525.95
93,북춘천,2025-09,406.53
93,북춘천,2025-10,293.5
93,북춘천,2025-11,309.4
93,북춘천,2025-12,226.03
95,철원,2019-02,196.2
95,철원,2019-03,449.07
95,철원,2019-04,533.62
95,철원,2019-05,784.83
95,철원,2019-06,698.73
95,철원,2019-07,532.65
95,철원,2019-08,633.22
95,철원,2019-09,448.43
95,철원,2019-10,413.23
95,철원,2019-11,276.59
95,철원,2019-12,204.42
95,철원,2020-01,254.72
95,철원,2020-02,295.28
95,철원,2020-03,496.47
95,철원,2020-04,600.33
95,철원,2020-05,564.06
95,철원,2020-06,644.17
95,철원,2020-07,515.01
95,철원,2020-08,343.97
95,철원,2020-09,429.74
95,철원,2020-10,425.3
95,철원,2020-11,271.99
95,철원,2020-12,257.41
95,철원,2021-01,261.89
95,철원,2021-02,337.51
95,철원,2021-03,469.76
95,철원,2021-04,567.05
95,철원,2021-05,590.74
95,철원,2021-06,615.72
95,철원,2021-07,691.79
95,철원,2021-08,486.91
95,철원,2021-09,476.77
95,철원,2021-10,355.35
95,철원,2021-11,261.99
95,철원,2021-12,236.21
95,철원,2022-01,297.08
95,철원,2022-02,354.47
95,철원,2022-03,427.41
95,철원,2022-04,623.21
95,철원,2022-05,751.88
95,철원,2022-06,492.74
95,철원,2022-07,573.17
95,철원,2022-08,455.87
95,철원,2022-09,500.53
95,철원,2022-10,383.41
95,철원,2022-11,271.46
95,철원,2022-12,255.07
95,철원,2023-01,267.31
95,철원,2023-02,341.31
95,철원,2023-03,495.74
95,철원,2023-04,493.02
95,철원,2023-05,668.51
95,철원,2023-06,619.53
95,철원,2023-07,565.94
95,철원,2023-08,517.99
95,철원,2023-09,450.16
95,철원,2023-10,418.2
95,철원,2023-11,263.88
95,철원,2023-12,208.16
95,철원,2024-01,275.31
95,철원,2024-02,270.93
95,철원,2024-03,456.37
95,철원,2024-04,553.23
95,철원,2024-05,669.74
95,철원,2024-06,735.4
95,철원,2024-07,448.01
95,철원,2024-08,597.5
95,철원,2024-09,440
95,철원,2024-10,338.82
95,철원,2024-11,286.9
95,철원,2024-12,276.26
95,철원,2025-01,258.53
95,철원,2025-02,377.89
95,철원,2025-03,486
95,철원,2025-04,572.68
95,철원,2025-05,576.36
95,철원,2025-06,593.23
95,철원,2025-07,573.34
95,철원,2025-08,530.64
95,철원,2025-09,425.38
95,철원,2025-10,286.91
95,철원,2025-11,292.75
95,철원,2025-12,209.9
98,동두천,2021-10,261.64
98,동두천,2021-11,258.11
98,동두천,2021-12,248.82
98,동두천,2022-01,291.73
98,동두천,2022-02,358.65
98,동두천,2022-03,420.72
98,동두천,2022-04,597.77
98,동두천,2022-05,715.03
98,동두천,2022-06,457.51
98,동두천,2022-07,534.41
98,동두천,2022-08,419.33
98,동두천,2022-09,483.74
98,동두천,2022-10,390.33
98,동두천,2022-11,275.56
98,동두천,2022-12,260.87
98,동두천,2023-01,273.05
98,동두천,2023-02,344.61
98,동두천,2023-03,490.39
98,동두천,2023-04,478.86
98,동두천,2023-05,640.74
98,동두천,2023-06,575.76
98,동두천,2023-07,509.53
98,동두천,2023-08,470.93
98,동두천,2023-09,429.03
98,동두천,2023-10,397.81
98,동두천,2023-11,265
98,동두천,2023-12,221.07
98,동두천,2024-01,265.52
98,동두천,2024-02,262.67
98,동두천,2024-03,451.79
98,동두천,2024-04,530.61
98,동두천,2024-05,634.12
98,동두천,2024-06,700.97
98,동두천,2024-07,402.69
98,동두천,2024-08,538.98
98,동두천,2024-09,415.65
98,동두천,2024-10,352.74
98,동두천,2024-11,284.53
98,동두천,2024-12,273.57
98,동두천,2025-01,245.26
98,동두천,2025-02,381.44
98,동두천,2025-03,484.71
98,동두천,2025-04,561.8
98,동두천,2025-05,560.31
98,동두천,2025-06,558.47
98,동두천,2025-07,530.39
98,동두천,2025-08,489.91
98,동두천,2025-09,412.79
98,동두천,2025-10,277.84
98,동두천,2025-11,290.71
98,동두천,2025-12,218.37
99,파주,2021-10,263.31
99,파주,2021-11,266.77
99,파주,2021-12,250.9
99,파주,2022-01,300.18
99,파주,2022-02,359.52
99,파주,2022-03,420.08
99,파주,2022-04,615.58
99,파주,2022-05,724.48
99,파주,2022-06,462.03
99,파주,2022-07,546.57
99,파주,2022-08,458.58
99,파주,2022-09,486.17
99,파주,2022-10,393.27
99,파주,2022-11,274.56
99,파주,2022-12,278.45
99,파주,2023-01,274.02
99,파주,2023-02,348.52
99,파주,2023-03,483.55
99,파주,2023-04,485.12
99,파주,2023-05,636.87
99,파주,2023-06,589.53
99,파주,2023-07,514.7
99,파주,2023-08,495.95
99,파주,2023-09,444.31
99,파주,2023-10,410.35
99,파주,2023-11,273.12
99,파주,2023-12,220.14
99,파주,2024-01,273.26
99,파주,2024-02,269.59
99,파주,2024-03,471.67
99,파주,2024-04,541.26
99,파주,2024-05,636.51
99,파주,2024-06,717.99
99,파주,2024-07,434.63
99,파주,2024-08,598.78
99,파주,2024-09,443.05
99,파주,2024-10,356.24
99,파주,2024-11,290.72
99,파주,2024-12,281.12
99,파주,2025-01,258.74
99,파주,2025-02,386.5
99,파주,2025-03,489.64
99,파주,2025-04,558.06
99,파주,2025-05,566.48
99,파주,2025-06,562.25
99,파주,2025-07,566.62
99,파주,2025-08,540.08
99,파주,2025-09,433
99,파주,2025-10,286.13
99,파주,2025-11,299.25
99,파주,2025-12,230.79
100,대관령,2016-01,301.19
100,대관령,2016-02,347.78
100,대관령,2016-03,452.05
100,대관령,2016-04,545.77
100,대관령,2016-05,696.47
100,대관령,2016-06,611.06
100,대관령,2016-07,477.65
100,대관령,2016-08,540.88
100,대관령,2016-09,324.85
100,대관령,2016-10,302.49
100,대관령,2016-11,275.14
100,대관령,2016-12,236.62
100,대관령,2017-01,299.91
100,대관령,2017-02,384.32
100,대관령,2017-03,451.66
100,대관령,2017-04,584.4
100,대관령,2017-05,666.37
100,대관령,2017-06,607.07
100,대관령,2017-07,465.82
100,대관령,2017-08,405.16
100,대관령,2017-09,479.29
100,대관령,2017-10,319.44
100,대관령,2017-11,301.67
100,대관령,2017-12,280.79
100,대관령,2018-01,304.65
100,대관령,2018-02,350.85
100,대관령,2018-03,445.11
100,대관령,2018-04,550.5
100,대관령,2018-05,565.92
100,대관령,2018-06,602.53
100,대관령,2018-07,556.56
100,대관령,2018-08,478.48
100,대관령,2018-09,358.66
100,대관령,2018-10,344.73
100,대관령,2018-11,227.38
100,대관령,2018-12,227.76
100,대관령,2019-01,269.29
100,대관령,2019-02,329.59
100,대관령,2019-03,471.59
100,대관령,2019-04,567.23
100,대관령,2019-05,761.87
100,대관령,2019-06,642.59
100,대관령,2019-07,492.46
100,대관령,2019-08,564.3
100,대관령,2019-09,385.85
100,대관령,2019-10,352.08
100,대관령,2019-11,289.37
100,대관령,2019-12,282.16
100,대관령,2020-01,279.03
100,대관령,2020-02,384.2
100,대관령,2020-03,559.7
100,대관령,2020-04,613.78
100,대관령,2020-05,638.57
100,대관령,2020-06,651.1
100,대관령,2020-07,509.92
100,대관령,2020-08,407.6
100,대관령,2020-09,383.28
100,대관령,2020-10,427.69
100,대관령,2020-11,326.01
100,대관령,2020-12,307.9
100,대관령,2021-01,310.63
100,대관령,2021-02,379.72
100,대관령,2021-03,493.87
100,대관령,2021-04,604.86
100,대관령,2021-05,587.01
100,대관령,2021-06,565.43
100,대관령,2021-07,688.81
100,대관령,2021-08,385.83
100,대관령,2021-09,406.56
100,대관령,2021-10,369.84
100,대관령,2021-11,305.65
100,대관령,2021-12,291.96
100,대관령,2022-01,338.91
100,대관령,2022-02,417.09
100,대관령,2022-03,475.59
100,대관령,2022-04,630.56
100,대관령,2022-05,750.69
100,대관령,2022-06,533.66
100,대관령,2022-07,563.54
100,대관령,2022-08,428.34
100,대관령,2022-09,458.29
100,대관령,2022-10,366.8
100,대관령,2022-11,321.04
100,대관령,2022-12,298.2
100,대관령,2023-01,319.42
100,대관령,2023-02,354.19
100,대관령,2023-03,529.28
100,대관령,2023-04,583.13
100,대관령,2023-05,638.07
100,대관령,2023-06,643.72
100,대관령,2023-07,556.43
100,대관령,2023-08,504.06
100,대관령,2023-09,431.29
100,대관령,2023-10,426.47
100,대관령,2023-11,308.68
100,대관령,2023-12,249.41
100,대관령,2024-01,301.53
100,대관령,2024-02,265.17
100,대관령,2024-03,432.38
100,대관령,2024-04,530.35
100,대관령,2024-05,573.93
100,대관령,2024-06,695.96
100,대관령,2024-07,468.15
100,대관령,2024-08,596.01
100,대관령,2024-09,396.67
100,대관령,2024-10,321.05
100,대관령,2024-11,274.61
100,대관령,2024-12,303.59
100,대관령,2025-01,297.78
100,대관령,2025-02,430.25
100,대관령,2025-03,472.27
100,대관령,2025-04,631.93
100,대관령,2025-05,626.43
100,대관령,2025-06,654.02
100,대관령,2025-07,617.86
100,대관령,2025-08,557.83
100,대관령,2025-09,392.52
100,대관령,2025-10,236.28
100,대관령,2025-11,332.03
100,대관령,2025-12,264.21
101,춘천,2016-01,250
101,춘천,2016-02,286.61
101,춘천,2016-03,433.79
101,춘천,2016-04,503.49
101,춘천,2016-05,594.12
101,춘천,2016-06,573.3
101,춘천,2016-07,438.09
101,춘천,2016-08,523.53
101,춘천,2016-09,391.01
101,춘천,2016-10,310.56
101,춘천,2016-11,212.1
101,춘천,2016-12,196.96
101,춘천,2017-01,260.72
101,춘천,2017-02,333.75
101,춘천,2017-03,428.2
101,춘천,2017-04,543.97
101,춘천,2017-05,623.47
101,춘천,2017-06,631.98
101,춘천,2017-07,428.04
101,춘천,2017-08,425.35
101,춘천,2017-09,461.76
101,춘천,2017-10,355.66
101,춘천,2017-11,249.31
101,춘천,2017-12,229.47
101,춘천,2018-01,274.35
101,춘천,2018-02,323.46
101,춘천,2018-03,418.73
101,춘천,2018-04,498.66
101,춘천,2018-05,566.15
101,춘천,2018-06,622.37
101,춘천,2018-07,598.56
101,춘천,2018-08,545.21
101,춘천,2018-09,449.98
101,춘천,2018-10,325.79
101,춘천,2018-11,209.29
101,춘천,2018-12,223.95
101,춘천,2019-01,261.3
101,춘천,2019-02,296.58
101,춘천,2019-03,368.69
101,춘천,2019-04,442.86
101,춘천,2019-05,612.37
101,춘천,2019-06,558.2
101,춘천,2019-07,429.86
101,춘천,2019-08,512.34
101,춘천,2019-09,340.61
101,춘천,2019-10,350.93
101,춘천,2019-11,253.7
101,춘천,2019-12,200.48
101,춘천,2020-01,255.19
101,춘천,2020-02,310.84
101,춘천,2020-03,486.87
101,춘천,2020-04,581.2
101,춘천,2020-05,567.78
101,춘천,2020-06,618.77
101,춘천,2020-07,481.37
101,춘천,2020-08,351.26
101,춘천,2020-09,404.53
101,춘천,2020-10,384.61
101,춘천,2020-11,270.91
101,춘천,2020-12,253.75
101,춘천,2021-01,256.88
101,춘천,2021-02,328.03
101,춘천,2021-03,445.14
101,춘천,2021-04,537.02
101,춘천,2021-05,539.65
101,춘천,2021-06,585.1
101,춘천,2021-07,659.51
101,춘천,2021-08,449.57
101,춘천,2021-09,454.82
101,춘천,2021-10,322.46
101,춘천,2021-11,255.2
101,춘천,2021-12,227.56
101,춘천,2022-01,281.03
101,춘천,2022-02,357.96
101,춘천,2022-03,410.29
101,춘천,2022-04,597.63
101,춘천,2022-05,699.14
101,춘천,2022-06,491.59
101,춘천,2022-07,559.64
101,춘천,2022-08,426.66
101,춘천,2022-09,457.96
101,춘천,2022-10,354.56
101,춘천,2022-11,258.62
101,춘천,2022-12,230.9
101,춘천,2023-01,256.75
101,춘천,2023-02,344.85
101,춘천,2023-03,493.82
101,춘천,2023-04,484.96
101,춘천,2023-05,642.24
101,춘천,2023-06,636.34
101,춘천,2023-07,527.54
101,춘천,2023-08,516.99
101,춘천,2023-09,429.48
101,춘천,2023-10,363.99
101,춘천,2023-11,259.71
101,춘천,2023-12,208.82
101,춘천,2024-01,258.9
101,춘천,2024-02,263.58
101,춘천,2024-03,427.33
101,춘천,2024-04,531.57
101,춘천,2024-05,659.64
101,춘천,2024-06,692.15
101,춘천,2024-07,457.84
101,춘천,2024-08,603.47
101,춘천,2024-09,433.29
101,춘천,2024-10,332.01
101,춘천,2024-11,290.84
101,춘천,2024-12,243.33
101,춘천,2025-01,244.55
101,춘천,2025-02,391.22
101,춘천,2025-03,461.21
101,춘천,2025-04,579.04
101,춘천,2025-05,564.66
101,춘천,2025-06,523.76
101,춘천,2025-07,590.81
101,춘천,2025-08,522.76
101,춘천,2025-09,397.84
101,춘천,2025-10,284.19
101,춘천,2025-11,290.81
101,춘천,2025-12,213.67
102,백령도,2018-05,621.3
102,백령도,2018-06,626.45
102,백령도,2018-07,618.28
102,백령도,2018-08,660.12
102,백령도,2018-09,526.42
102,백령도,2018-10,469.54
102,백령도,2018-11,282.97
102,백령도,2018-12,221.58
102,백령도,2019-01,281.37
102,백령도,2019-02,339.28
102,백령도,2019-03,475.51
102,백령도,2019-04,576.52
102,백령도,2019-05,765.12
102,백령도,2019-06,608.68
102,백령도,2019-07,568.86
102,백령도,2019-08,656.4
102,백령도,2019-09,468.31
102,백령도,2019-10,425.59
102,백령도,2019-11,281.44
102,백령도,2019-12,196.74
102,백령도,2020-01,272.53
102,백령도,2020-02,304.91
102,백령도,2020-03,581.49
102,백령도,2020-04,710.41
102,백령도,2020-05,541.13
102,백령도,2020-06,603.06
102,백령도,2020-07,611.74
102,백령도,2020-08,360.34
102,백령도,2020-09,501.19
102,백령도,2020-10,438.38
102,백령도,2020-11,262.91
102,백령도,2020-12,209.37
102,백령도,2021-01,231.25
102,백령도,2021-02,345.43
102,백령도,2021-03,485.2
102,백령도,2021-04,601.52
102,백령도,2021-05,682.22
102,백령도,2021-06,577.25
102,백령도,2021-07,649.78
102,백령도,2021-08,505.26
102,백령도,2021-09,504.76
102,백령도,2021-10,393.66
102,백령도,2021-11,238
102,백령도,2021-12,210.76
102,백령도,2022-01,285.68
102,백령도,2022-02,345.94
102,백령도,2022-03,467.53
102,백령도,2022-04,637.17
102,백령도,2022-05,708.6
102,백령도,2022-06,464.8
102,백령도,2022-07,613.71
102,백령도,2022-08,535.72
102,백령도,2022-09,534.24
102,백령도,2022-10,457.36
102,백령도,2022-11,256.85
102,백령도,2022-12,212.79
102,백령도,2023-01,260.65
102,백령도,2023-02,355.53
102,백령도,2023-03,509.78
102,백령도,2023-04,560.48
102,백령도,2023-05,642.34
102,백령도,2023-06,670.07
102,백령도,2023-07,606.59
102,백령도,2023-08,586.28
102,백령도,2023-09,491.36
102,백령도,2023-10,441.98
102,백령도,2023-11,252.2
102,백령도,2023-12,174.06
102,백령도,2024-01,241.02
102,백령도,2024-02,314.5
102,백령도,2024-03,530.97
102,백령도,2024-04,622.73
102,백령도,2024-05,681.18
102,백령도,2024-06,762.86
102,백령도,2024-07,461.47
102,백령도,2024-08,630.5
102,백령도,2024-09,490.53
102,백령도,2024-10,415.35
102,백령도,2024-11,286.37
102,백령도,2024-12,225.33
102,백령도,2025-01,248.24
102,백령도,2025-02,335.2
102,백령도,2025-03,546.63
102,백령도,2025-04,588.66
102,백령도,2025-05,585.58
102,백령도,2025-06,623
102,백령도,2025-07,613.66
102,백령도,2025-08,546.37
102,백령도,2025-09,487.43
102,백령도,2025-10,324.99
102,백령도,2025-11,289.57
102,백령도,2025-12,228.28
104,북강릉,2016-01,380.33
104,북강릉,2016-02,425.09
104,북강릉,2016-03,516.41
104,북강릉,2016-04,483.66
104,북강릉,2016-05,610.87
104,북강릉,2016-06,491.76
104,북강릉,2016-07,379.48
104,북강릉,2016-08,491.02
104,북강릉,2016-09,266.9
104,북강릉,2016-10,227.82
104,북강릉,2016-11,212.43
104,북강릉,2016-12,191.19
104,북강릉,2017-01,262.13
104,북강릉,2017-02,338.65
104,북강릉,2017-03,407.54
104,북강릉,2017-04,597.12
104,북강릉,2017-05,670.85
104,북강릉,2017-06,654.73
104,북강릉,2017-07,469.56
104,북강릉,2017-08,366.14
104,북강릉,2017-09,507.51
104,북강릉,2017-10,288.74
104,북강릉,2017-11,291.06
104,북강릉,2017-12,277.53
104,북강릉,2018-01,303.7
104,북강릉,2018-02,358.05
104,북강릉,2018-03,428.17
104,북강릉,2018-04,525.68
104,북강릉,2018-05,534.29
104,북강릉,2018-06,609.58
104,북강릉,2018-07,567.85
104,북강릉,2018-08,457.4
104,북강릉,2018-09,415.04
104,북강릉,2018-10,387.21
104,북강릉,2018-11,250.11
104,북강릉,2018-12,257.08
104,북강릉,2019-01,292.22
104,북강릉,2019-02,336.83
104,북강릉,2019-03,456.16
104,북강릉,2019-04,524.24
104,북강릉,2019-05,701.38
104,북강릉,2019-06,590.61
104,북강릉,2019-07,516.77
104,북강릉,2019-08,511.3
104,북강릉,2019-09,316.98
104,북강릉,2019-10,305.79
104,북강릉,2019-11,259.21
104,북강릉,2019-12,242.07
104,북강릉,2020-01,225.7
104,북강릉,2020-02,333.45
104,북강릉,2020-03,524.42
104,북강릉,2020-04,575.53
104,북강릉,2020-05,610.46
104,북강릉,2020-06,614.57
104,북강릉,2020-07,455.43
104,북강릉,2020-08,381.59
104,북강릉,2020-09,382.88
104,북강릉,2020-10,398.42
104,북강릉,2020-11,287.07
104,북강릉,2020-12,274.19
104,북강릉,2021-01,278.85
104,북강릉,2021-02,352.26
104,북강릉,2021-03,446.67
104,북강릉,2021-04,578.24
104,북강릉,2021-05,592.14
104,북강릉,2021-06,561.15
104,북강릉,2021-07,671.93
104,북강릉,2021-08,391.2
104,북강릉,2021-09,416.25
104,북강릉,2021-10,321.45
104,북강릉,2021-11,296.63
104,북강릉,2021-12,266.08
104,북강릉,2022-01,302.22
104,북강릉,2022-02,396.95
104,북강릉,2022-03,420.32
104,북강릉,2022-04,595.05
104,북강릉,2022-05,719.79
104,북강릉,2022-06,530.29
104,북강릉,2022-07,507.58
104,북강릉,2022-08,416.99
104,북강릉,2022-09,474.09
104,북강릉,2022-10,330.84
104,북강릉,2022-11,299.58
104,북강릉,2022-12,300.25
104,북강릉,2023-01,314.88
104,북강릉,2023-02,325.72
104,북강릉,2023-03,480.05
104,북강릉,2023-04,552.81
104,북강릉,2023-05,621.52
104,북강릉,2023-06,638.46
104,북강릉,2023-07,531.51
104,북강릉,2023-08,449.99
104,북강릉,2023-09,404.17
104,북강릉,2023-10,408.32
104,북강릉,2023-11,326.58
104,북강릉,2023-12,247.26
104,북강릉,2024-01,289.54
104,북강릉,2024-02,221.22
104,북강릉,2024-03,460.78
104,북강릉,2024-04,525.29
104,북강릉,2024-05,684.93
104,북강릉,2024-06,683.17
104,북강릉,2024-07,485.8
104,북강릉,2024-08,590.04
104,북강릉,2024-09,353.92
104,북강릉,2024-10,302.46
104,북강릉,2024-11,256.63
104,북강릉,2024-12,279.39
104,북강릉,2025-01,302.41
104,북강릉,2025-02,403.27
104,북강릉,2025-03,461.44
104,북강릉,2025-04,589.25
104,북강릉,2025-05,635.55
104,북강릉,2025-06,619.62
104,북강릉,2025-07,607.81
104,북강릉,2025-08,552.99
104,북강릉,2025-09,400.6
104,북강릉,2025-10,219.29
104,북강릉,2025-11,337.65
104,북강릉,2025-12,277.3
105,강릉,2016-01,315.74
105,강릉,2016-02,357.06
105,강릉,2016-03,440.53
105,강릉,2016-04,567.36
105,강릉,2016-05,715.68
105,강릉,2016-06,581.91
105,강릉,2016-07,474.47
105,강릉,2016-08,573.78
105,강릉,2016-09,340.44
105,강릉,2016-10,304.15
105,강릉,2016-11,280.78
105,강릉,2016-12,242.19
105,강릉,2017-01,306.88
105,강릉,2017-02,375.38
105,강릉,2017-03,438.34
105,강릉,2017-04,617.31
105,강릉,2017-05,703.85
105,강릉,2017-06,684.74
105,강릉,2017-07,511.43
105,강릉,2017-08,418.45
105,강릉,2017-09,535.15
105,강릉,2017-10,307.39
105,강릉,2017-11,312.47
105,강릉,2017-12,301.45
105,강릉,2018-01,321.75
105,강릉,2018-02,376.58
105,강릉,2018-03,459.2
105,강릉,2018-04,567.54
105,강릉,2018-05,572.89
105,강릉,2018-06,650.56
105,강릉,2018-07,609.99
105,강릉,2018-08,496.61
105,강릉,2018-09,439.54
105,강릉,2018-10,423.87
105,강릉,2018-11,276.35
105,강릉,2018-12,282.61
105,강릉,2019-01,316.03
105,강릉,2019-02,361.66
105,강릉,2019-03,491.78
105,강릉,2019-04,552.75
105,강릉,2019-05,742.51
105,강릉,2019-06,628.67
105,강릉,2019-07,556.37
105,강릉,2019-08,558.62
105,강릉,2019-09,377.37
105,강릉,2019-10,337.54
105,강릉,2019-11,278.85
105,강릉,2019-12,257.6
105,강릉,2020-01,238.15
105,강릉,2020-02,344.96
105,강릉,2020-03,520.09
105,강릉,2020-04,570.37
105,강릉,2020-05,618.57
105,강릉,2020-06,620.74
105,강릉,2020-07,453.47
105,강릉,2020-08,388.74
105,강릉,2020-09,390.85
105,강릉,2020-10,407.19
105,강릉,2020-11,306.12
105,강릉,2020-12,292.52
105,강릉,2021-01,296.02
105,강릉,2021-02,366.73
105,강릉,2021-03,461.98
105,강릉,2021-04,571.24
105,강릉,2021-05,580.52
105,강릉,2021-06,552.76
105,강릉,2021-07,661.09
105,강릉,2021-08,367.38
105,강릉,2021-09,404.96
105,강릉,2021-10,328.63
105,강릉,2021-11,303.6
105,강릉,2021-12,286.04
105,강릉,2022-01,316.46
105,강릉,2022-02,407.82
105,강릉,2022-03,436.39
105,강릉,2022-04,608.19
105,강릉,2022-05,686.93
105,강릉,2022-06,521.63
105,강릉,2022-07,501.77
105,강릉,2022-08,412.6
105,강릉,2022-09,490.88
105,강릉,2022-10,357.53
105,강릉,2022-11,271.9
105,강릉,2022-12,204.7
105,강릉,2023-01,292.78
105,강릉,2023-02,301.86
105,강릉,2023-03,455.52
105,강릉,2023-04,525.25
105,강릉,2023-05,587.65
105,강릉,2023-06,605.53
105,강릉,2023-07,504.59
105,강릉,2023-08,432.89
105,강릉,2023-09,377.35
105,강릉,2023-10,387.14
105,강릉,2023-11,303.29
105,강릉,2023-12,237.24
105,강릉,2024-01,275.84
105,강릉,2024-02,204.83
105,강릉,2024-03,440.45
105,강릉,2024-04,504.13
105,강릉,2024-05,649.98
105,강릉,2024-06,618.53
105,강릉,2024-07,472.88
105,강릉,2024-08,565.58
105,강릉,2024-09,343.86
105,강릉,2024-10,300.64
105,강릉,2024-11,247.54
105,강릉,2024-12,273.21
105,강릉,2025-01,293.65
105,강릉,2025-02,385.14
105,강릉,2025-03,441.54
105,강릉,2025-04,550.96
105,강릉,2025-05,587.7
105,강릉,2025-06,599.22
105,강릉,2025-07,578.5
105,강릉,2025-08,526.82
105,강릉,2025-09,224.39
105,강릉,2025-10,186.93
105,강릉,2025-11,312.06
105,강릉,2025-12,247.67
106,동해,2022-08,0
106,동해,2024-04,216.02
106,동해,2024-05,673.75
106,동해,2024-06,686.36
106,동해,2024-07,496
106,동해,2024-08,605.86
106,동해,2024-09,386.7
106,동해,2024-10,306.6
106,동해,2024-11,169.29
106,동해,2024-12,290.53
106,동해,2025-01,307.94
106,동해,2025-02,406.97
106,동해,2025-03,459.59
106,동해,2025-04,614.7
106,동해,2025-05,638.77
106,동해,2025-06,636.08
106,동해,2025-07,652.67
106,동해,2025-08,563.63
106,동해,2025-09,379.52
106,동해,2025-10,225.83
106,동해,2025-11,327.26
106,동해,2025-12,261.19
108,서울,2016-01,246.52
108,서울,2016-02,288.43
108,서울,2016-03,432.76
108,서울,2016-04,460.4
108,서울,2016-05,594.54
108,서울,2016-06,508.07
108,서울,2016-07,403.01
108,서울,2016-08,468.05
108,서울,2016-09,370.92
108,서울,2016-10,318.14
108,서울,2016-11,235.03
108,서울,2016-12,205.35
108,서울,2017-01,256.11
108,서울,2017-02,311.86
108,서울,2017-03,444.9
108,서울,2017-04,488.91
108,서울,2017-05,645.35
108,서울,2017-06,625.27
108,서울,2017-07,375.27
108,서울,2017-08,411.09
108,서울,2017-09,445.23
108,서울,2017-10,240.97
108,서울,2017-11,145.34
108,서울,2017-12,151.69
108,서울,2018-01,158.99
108,서울,2018-02,309.28
108,서울,2018-03,446.41
108,서울,2018-04,513.19
108,서울,2018-05,561.24
108,서울,2018-06,602.59
108,서울,2018-07,561.1
108,서울,2018-08,517.16
108,서울,2018-09,470.96
108,서울,2018-10,403.34
108,서울,2018-11,265.35
108,서울,2018-12,253.64
108,서울,2019-01,285.25
108,서울,2019-02,319.96
108,서울,2019-03,417.72
108,서울,2019-04,502.12
108,서울,2019-05,701.39
108,서울,2019-06,589.02
108,서울,2019-07,426.99
108,서울,2019-08,486.24
108,서울,2019-09,386.78
108,서울,2019-10,395.43
108,서울,2019-11,284.28
108,서울,2019-12,223.25
108,서울,2020-01,252.58
108,서울,2020-02,313.44
108,서울,2020-03,515.18
108,서울,2020-04,637.52
108,서울,2020-05,564.83
108,서울,2020-06,603.98
108,서울,2020-07,464.55
108,서울,2020-08,325.97
108,서울,2020-09,452.05
108,서울,2020-10,428.25
108,서울,2020-11,281.51
108,서울,2020-12,276.39
108,서울,2021-01,270.25
108,서울,2021-02,348.55
108,서울,2021-03,476.94
108,서울,2021-04,558.28
108,서울,2021-05,570.5
108,서울,2021-06,563.35
108,서울,2021-07,578.3
108,서울,2021-08,428.88
108,서울,2021-09,474.13
108,서울,2021-10,353.62
108,서울,2021-11,271.64
108,서울,2021-12,257.25
108,서울,2022-01,301.7
108,서울,2022-02,376.05
108,서울,2022-03,425.4
108,서울,2022-04,615.24
108,서울,2022-05,764.61
108,서울,2022-06,440.59
108,서울,2022-07,508.79
108,서울,2022-08,402.81
108,서울,2022-09,496.22
108,서울,2022-10,420.22
108,서울,2022-11,298.77
108,서울,2022-12,275.5
108,서울,2023-01,290.78
108,서울,2023-02,363.91
108,서울,2023-03,520.57
108,서울,2023-04,498.03
108,서울,2023-05,648.18
108,서울,2023-06,572.17
108,서울,2023-07,478.8
108,서울,2023-08,469.76
108,서울,2023-09,425.79
108,서울,2023-10,416.57
108,서울,2023-11,284.12
108,서울,2023-12,217.32
108,서울,2024-01,279.71
108,서울,2024-02,259.99
108,서울,2024-03,438.18
108,서울,2024-04,558.15
108,서울,2024-05,686.87
108,서울,2024-06,714.52
108,서울,2024-07,402.43
108,서울,2024-08,507.93
108,서울,2024-09,439.21
108,서울,2024-10,367.11
108,서울,2024-11,293.01
108,서울,2024-12,288.48
108,서울,2025-01,273.99
108,서울,2025-02,405.31
108,서울,2025-03,494.93
108,서울,2025-04,585.38
108,서울,2025-05,575.6
108,서울,2025-06,565.72
108,서울,2025-07,538.53
108,서울,2025-08,485.65
108,서울,2025-09,393.58
108,서울,2025-10,297.37
108,서울,2025-11,317.53
108,서울,2025-12,245.49
112,인천,2016-01,237.61
112,인천,2016-02,279.51
112,인천,2016-03,425.19
112,인천,2016-04,433.45
112,인천,2016-05,555.43
112,인천,2016-06,527.53
112,인천,2016-07,439.36
112,인천,2016-08,501.24
112,인천,2016-09,381
112,인천,2016-10,297.78
112,인천,2016-11,220.37
112,인천,2016-12,192.96
112,인천,2017-01,243.88
112,인천,2017-02,294.96
112,인천,2017-03,435.76
112,인천,2017-04,483.55
112,인천,2017-05,586.76
112,인천,2017-06,578.01
112,인천,2017-07,386.13
112,인천,2017-08,393.61
112,인천,2017-09,411.43
112,인천,2017-10,232.69
112,인천,2017-11,169.03
112,인천,2017-12,157.75
112,인천,2018-01,168.8
112,인천,2018-02,237.67
112,인천,2018-03,440.44
112,인천,2018-04,515.49
112,인천,2018-05,566.66
112,인천,2018-06,603.83
112,인천,2018-07,636.55
112,인천,2018-08,571.02
112,인천,2018-09,458.46
112,인천,2018-10,408.47
112,인천,2018-11,269.32
112,인천,2018-12,259.01
112,인천,2019-01,291.36
112,인천,2019-02,328.69
112,인천,2019-03,453.57
112,인천,2019-04,511.07
112,인천,2019-05,713.07
112,인천,2019-06,626.58
112,인천,2019-07,493.32
112,인천,2019-08,585.4
112,인천,2019-09,383.89
112,인천,2019-10,390.86
112,인천,2019-11,281.41
112,인천,2019-12,220.73
112,인천,2020-01,260.57
112,인천,2020-02,319.64
112,인천,2020-03,522.86
112,인천,2020-04,647.34
112,인천,2020-05,555.06
112,인천,2020-06,598.68
112,인천,2020-07,480.6
112,인천,2020-08,382.07
112,인천,2020-09,450.89
112,인천,2020-10,408.84
112,인천,2020-11,263.68
112,인천,2020-12,264.22
112,인천,2021-01,269.39
112,인천,2021-02,334.51
112,인천,2021-03,455.93
112,인천,2021-04,547.8
112,인천,2021-05,571.02
112,인천,2021-06,580.67
112,인천,2021-07,623.39
112,인천,2021-08,461.24
112,인천,2021-09,445.86
112,인천,2021-10,354.86
112,인천,2021-11,253.12
112,인천,2021-12,248.45
112,인천,2022-01,306.16
112,인천,2022-02,371.2
112,인천,2022-03,426.06
112,인천,2022-04,616.66
112,인천,2022-05,738.78
112,인천,2022-06,475.95
112,인천,2022-07,610.83
112,인천,2022-08,461.63
112,인천,2022-09,494.58
112,인천,2022-10,430.67
112,인천,2022-11,297.93
112,인천,2022-12,266.23
112,인천,2023-01,289.63
112,인천,2023-02,360.08
112,인천,2023-03,511.69
112,인천,2023-04,510.58
112,인천,2023-05,623.8
112,인천,2023-06,626.15
112,인천,2023-07,527.89
112,인천,2023-08,529.55
112,인천,2023-09,433.43
112,인천,2023-10,427.05
112,인천,2023-11,269.37
112,인천,2023-12,215.72
112,인천,2024-01,271.29
112,인천,2024-02,279.37
112,인천,2024-03,492.39
112,인천,2024-04,561.21
112,인천,2024-05,675.22
112,인천,2024-06,741.25
112,인천,2024-07,455.02
112,인천,2024-08,618.19
112,인천,2024-09,459.97
112,인천,2024-10,374.1
112,인천,2024-11,288.86
112,인천,2024-12,275.55
112,인천,2025-01,266.06
112,인천,2025-02,399.85
112,인천,2025-03,504.28
112,인천,2025-04,580.29
112,인천,2025-05,585.97
112,인천,2025-06,603.25
112,인천,2025-07,616.28
112,인천,2025-08,578.38
112,인천,2025-09,406.39
112,인천,2025-10,315.62
112,인천,2025-11,312.28
112,인천,2025-12,247.35
114,원주,2016-01,259.44
114,원주,2016-02,316.07
114,원주,2016-03,454.89
114,원주,2016-04,494.79
114,원주,2016-05,667.76
114,원주,2016-06,607.26
114,원주,2016-07,428.41
114,원주,2016-08,531.1
114,원주,2016-09,355.14
114,원주,2016-10,317.3
114,원주,2016-11,258.2
114,원주,2016-12,208.23
114,원주,2017-01,264.04
114,원주,2017-02,308.67
114,원주,2017-03,469.34
114,원주,2017-04,536.02
114,원주,2017-05,646.29
114,원주,2017-06,663.18
114,원주,2017-07,419.6
114,원주,2017-08,468.56
114,원주,2017-09,502.3
114,원주,2017-10,375.98
114,원주,2017-11,279.12
114,원주,2017-12,255.9
114,원주,2018-01,300.19
114,원주,2018-02,341.03
114,원주,2018-03,466.11
114,원주,2018-04,527.96
114,원주,2018-05,581.54
114,원주,2018-06,622.92
114,원주,2018-07,636.31
114,원주,2018-08,530.89
114,원주,2018-09,459.98
114,원주,2018-10,394.26
114,원주,2018-11,270.77
114,원주,2018-12,255.78
114,원주,2019-01,305.71
114,원주,2019-02,327.85
114,원주,2019-03,422.92
114,원주,2019-04,502.87
114,원주,2019-05,725.51
114,원주,2019-06,631.65
114,원주,2019-07,481.33
114,원주,2019-08,560.89
114,원주,2019-09,391.35
114,원주,2019-10,378.77
114,원주,2019-11,283.88
114,원주,2019-12,216.06
114,원주,2020-01,249.97
114,원주,2020-02,324.76
114,원주,2020-03,506.23
114,원주,2020-04,608.15
114,원주,2020-05,585.48
114,원주,2020-06,579.8
114,원주,2020-07,427.53
114,원주,2020-08,389.81
114,원주,2020-09,427.17
114,원주,2020-10,427.67
114,원주,2020-11,281.43
114,원주,2020-12,263.69
114,원주,2021-01,280.29
114,원주,2021-02,346.81
114,원주,2021-03,462.9
114,원주,2021-04,550.1
114,원주,2021-05,543.93
114,원주,2021-06,592.1
114,원주,2021-07,628.49
114,원주,2021-08,455.88
114,원주,2021-09,433.79
114,원주,2021-10,358.03
114,원주,2021-11,264.99
114,원주,2021-12,249.55
114,원주,2022-01,302.73
114,원주,2022-02,376.09
114,원주,2022-03,416.05
114,원주,2022-04,600.8
114,원주,2022-05,722.39
114,원주,2022-06,523.84
114,원주,2022-07,547.95
114,원주,2022-08,406.94
114,원주,2022-09,483.99
114,원주,2022-10,386.91
114,원주,2022-11,299.66
114,원주,2022-12,260.53
114,원주,2023-01,284.27
114,원주,2023-02,341.56
114,원주,2023-03,511.85
114,원주,2023-04,496.77
114,원주,2023-05,623.73
114,원주,2023-06,620.01
114,원주,2023-07,521.03
114,원주,2023-08,501.57
114,원주,2023-09,438.4
114,원주,2023-10,409.56
114,원주,2023-11,286.92
114,원주,2023-12,219.52
114,원주,2024-01,263.68
114,원주,2024-02,256.07
114,원주,2024-03,454.8
114,원주,2024-04,529.25
114,원주,2024-05,708.13
114,원주,2024-06,687.8
114,원주,2024-07,434.45
114,원주,2024-08,574.45
114,원주,2024-09,442.98
114,원주,2024-10,346.09
114,원주,2024-11,284.88
114,원주,2024-12,280.42
114,원주,2025-01,259.58
114,원주,2025-02,404
114,원주,2025-03,454.77
114,원주,2025-04,590.63
114,원주,2025-05,571.91
114,원주,2025-06,615.73
114,원주,2025-07,586.05
114,원주,2025-08,534.29
114,원주,2025-09,383.22
114,원주,2025-10,307.55
114,원주,2025-11,323.05
114,원주,2025-12,231.81
115,울릉도,2016-09,7.39
115,울릉도,2016-10,171.68
115,울릉도,2016-11,123.6
115,울릉도,2016-12,116.52
115,울릉도,2017-01,139.58
115,울릉도,2017-02,158.54
115,울릉도,2017-03,273.81
115,울릉도,2017-04,404.64
115,울릉도,2017-05,473.84
115,울릉도,2017-06,469.91
115,울릉도,2017-07,364.62
115,울릉도,2017-08,333.08
115,울릉도,2017-09,344.21
115,울릉도,2017-10,212.98
115,울릉도,2017-11,165.78
115,울릉도,2017-12,123.09
115,울릉도,2018-01,124.06
115,울릉도,2018-02,196.58
115,울릉도,2018-03,310.28
115,울릉도,2018-04,373.86
115,울릉도,2018-05,407.36
115,울릉도,2018-06,386.07
115,울릉도,2018-07,415.79
115,울릉도,2018-08,371.9
115,울릉도,2018-09,265.22
115,울릉도,2018-10,255.92
115,울릉도,2018-11,174.4
115,울릉도,2018-12,110.01
115,울릉도,2019-01,167.76
115,울릉도,2019-02,187.03
115,울릉도,2019-03,319.68
115,울릉도,2019-04,379.61
115,울릉도,2019-05,506.67
115,울릉도,2019-06,366.66
115,울릉도,2019-07,377.25
115,울릉도,2019-08,398.4
115,울릉도,2019-09,264.74
115,울릉도,2019-10,244.42
115,울릉도,2019-11,128.18
115,울릉도,2019-12,138.89
115,울릉도,2020-01,117.91
115,울릉도,2020-02,171.95
115,울릉도,2020-03,516.73
115,울릉도,2020-04,614.26
115,울릉도,2020-05,669.99
115,울릉도,2020-06,672.4
115,울릉도,2020-07,432.17
115,울릉도,2020-08,477.77
115,울릉도,2020-09,434.8
115,울릉도,2020-10,376.97
115,울릉도,2020-11,264.81
115,울릉도,2020-12,205.14
115,울릉도,2021-01,196.35
115,울릉도,2021-02,283.35
115,울릉도,2021-03,467.59
115,울릉도,2021-04,607.5
115,울릉도,2021-05,584.7
115,울릉도,2021-06,540.7
115,울릉도,2021-07,623.9
115,울릉도,2021-08,446.31
115,울릉도,2021-09,444.87
115,울릉도,2021-10,345.67
115,울릉도,2021-11,279.49
115,울릉도,2021-12,196.73
115,울릉도,2022-01,223.92
115,울릉도,2022-02,251.49
115,울릉도,2022-03,430.54
115,울릉도,2022-04,632.96
115,울릉도,2022-05,791.31
115,울릉도,2022-06,586.19
115,울릉도,2022-07,545.68
115,울릉도,2022-08,483.05
115,울릉도,2022-09,459.66
115,울릉도,2022-10,356.23
115,울릉도,2022-11,287.24
115,울릉도,2022-12,170.24
115,울릉도,2023-01,226.31
115,울릉도,2023-02,278.18
115,울릉도,2023-03,484.67
115,울릉도,2023-04,565.51
115,울릉도,2023-05,638.72
115,울릉도,2023-06,601.78
115,울릉도,2023-07,531.1
115,울릉도,2023-08,500.46
115,울릉도,2023-09,382.87
115,울릉도,2023-10,391.84
115,울릉도,2023-11,236.98
115,울릉도,2023-12,162.08
115,울릉도,2024-01,203.56
115,울릉도,2024-02,204.73
115,울릉도,2024-03,411.99
115,울릉도,2024-04,503.87
115,울릉도,2024-05,656.8
115,울릉도,2024-06,632.52
115,울릉도,2024-07,541.89
115,울릉도,2024-08,555.37
115,울릉도,2024-09,390.04
115,울릉도,2024-10,278.73
115,울릉도,2024-11,195.15
115,울릉도,2024-12,198.06
115,울릉도,2025-01,208.09
115,울릉도,2025-02,246.55
115,울릉도,2025-03,390.94
115,울릉도,2025-04,565.32
115,울릉도,2025-05,638.61
115,울릉도,2025-06,576.36
115,울릉도,2025-07,641.63
115,울릉도,2025-08,537.99
115,울릉도,2025-09,380.32
115,울릉도,2025-10,213.97
115,울릉도,2025-11,251.95
115,울릉도,2025-12,172.04
119,수원,2016-01,219.62
119,수원,2016-02,262.68
119,수원,2016-03,397.71
119,수원,2016-04,423.37
119,수원,2016-05,548.69
119,수원,2016-06,515.24
119,수원,2016-07,392.87
119,수원,2016-08,465.85
119,수원,2016-09,334.72
119,수원,2016-10,273.41
119,수원,2016-11,211.07
119,수원,2016-12,185.35
119,수원,2017-01,233.11
119,수원,2017-02,292.05
119,수원,2017-03,419.62
119,수원,2017-04,482.32
119,수원,2017-05,581.1
119,수원,2017-06,553.96
119,수원,2017-07,338.13
119,수원,2017-08,369
119,수원,2017-09,408.02
119,수원,2017-10,318.45
119,수원,2017-11,234.02
119,수원,2017-12,207.9
119,수원,2018-01,231.84
119,수원,2018-02,279.52
119,수원,2018-03,377.9
119,수원,2018-04,493.31
119,수원,2018-05,564.21
119,수원,2018-06,610.81
119,수원,2018-07,609.73
119,수원,2018-08,546.86
119,수원,2018-09,459.39
119,수원,2018-10,399.52
119,수원,2018-11,271.71
119,수원,2018-12,253.86
119,수원,2019-01,286.81
119,수원,2019-02,315.33
119,수원,2019-03,433.09
119,수원,2019-04,487.34
119,수원,2019-05,713.17
119,수원,2019-06,603.82
119,수원,2019-07,436.88
119,수원,2019-08,548.63
119,수원,2019-09,372.93
119,수원,2019-10,392.02
119,수원,2019-11,280.96
119,수원,2019-12,226.64
119,수원,2020-01,249.4
119,수원,2020-02,320.22
119,수원,2020-03,520.32
119,수원,2020-04,639.12
119,수원,2020-05,559.39
119,수원,2020-06,579.08
119,수원,2020-07,436.97
119,수원,2020-08,357.68
119,수원,2020-09,428.77
119,수원,2020-10,415.47
119,수원,2020-11,269.88
119,수원,2020-12,261.57
119,수원,2021-01,275
119,수원,2021-02,335
119,수원,2021-03,457.07
119,수원,2021-04,541.96
119,수원,2021-05,544.33
119,수원,2021-06,575.34
119,수원,2021-07,608.7
119,수원,2021-08,426.72
119,수원,2021-09,428.47
119,수원,2021-10,366.94
119,수원,2021-11,261.76
119,수원,2021-12,244.23
119,수원,2022-01,302.75
119,수원,2022-02,369.63
119,수원,2022-03,411.98
119,수원,2022-04,593.27
119,수원,2022-05,731.25
119,수원,2022-06,465.63
119,수원,2022-07,543.26
119,수원,2022-08,413.62
119,수원,2022-09,470.32
119,수원,2022-10,408.29
119,수원,2022-11,284.86
119,수원,2022-12,257.28
119,수원,2023-01,286.68
119,수원,2023-02,360.11
119,수원,2023-03,520.65
119,수원,2023-04,512.8
119,수원,2023-05,617.13
119,수원,2023-06,595.79
119,수원,2023-07,497.13
119,수원,2023-08,535.43
119,수원,2023-09,426.86
119,수원,2023-10,415.63
119,수원,2023-11,276.07
119,수원,2023-12,216.74
119,수원,2024-01,265.75
119,수원,2024-02,245.95
119,수원,2024-03,472.32
119,수원,2024-04,551.23
119,수원,2024-05,680.16
119,수원,2024-06,712.7
119,수원,2024-07,439.49
119,수원,2024-08,581.56
119,수원,2024-09,455.02
119,수원,2024-10,363.49
119,수원,2024-11,290.06
119,수원,2024-12,271.6
119,수원,2025-01,269.7
119,수원,2025-02,393.28
119,수원,2025-03,489.89
119,수원,2025-04,586.57
119,수원,2025-05,560.45
119,수원,2025-06,592.05
119,수원,2025-07,573.96
119,수원,2025-08,536.47
119,수원,2025-09,382.64
119,수원,2025-10,304.91
119,수원,2025-11,309.39
119,수원,2025-12,243.92
121,영월,2022-08,0
121,영월,2025-03,74.41
121,영월,2025-04,597.47
121,영월,2025-05,458.2
121,영월,2025-06,530.43
121,영월,2025-07,627.28
121,영월,2025-08,549.52
121,영월,2025-09,382.23
121,영월,2025-10,293.07
121,영월,2025-11,318.15
121,영월,2025-12,244.94
127,충주,2021-11,82.19
127,충주,2021-12,239.22
127,충주,2022-01,293.83
127,충주,2022-02,365.92
127,충주,2022-03,406.57
127,충주,2022-04,613.94
127,충주,2022-05,755.72
127,충주,2022-06,555.56
127,충주,2022-07,528.94
127,충주,2022-08,404.34
127,충주,2022-09,496.31
127,충주,2022-10,392.43
127,충주,2022-11,280.53
127,충주,2022-12,228
127,충주,2023-01,274.01
127,충주,2023-02,323.11
127,충주,2023-03,490.01
127,충주,2023-04,504.87
127,충주,2023-05,640.5
127,충주,2023-06,625.46
127,충주,2023-07,503.5
127,충주,2023-08,534.16
127,충주,2023-09,455.14
127,충주,2023-10,404.91
127,충주,2023-11,286.64
127,충주,2023-12,202.23
127,충주,2024-01,238.45
127,충주,2024-02,235.03
127,충주,2024-03,430.61
127,충주,2024-04,528.64
127,충주,2024-05,708.06
127,충주,2024-06,682.89
127,충주,2024-07,465.56
127,충주,2024-08,605.88
127,충주,2024-09,460.15
127,충주,2024-10,335.21
127,충주,2024-11,274.27
127,충주,2024-12,255.75
127,충주,2025-01,254.49
127,충주,2025-02,358.34
127,충주,2025-03,434.06
127,충주,2025-04,594.72
127,충주,2025-05,581.43
127,충주,2025-06,610.92
127,충주,2025-07,622.81
127,충주,2025-08,530.87
127,충주,2025-09,392.15
127,충주,2025-10,296.32
127,충주,2025-11,313.13
127,충주,2025-12,206.08
129,서산,2016-01,190.11
129,서산,2016-02,244.88
129,서산,2016-03,390.83
129,서산,2016-04,399.34
129,서산,2016-05,512.02
129,서산,2016-06,452.16
129,서산,2016-07,381.47
129,서산,2016-08,442.18
129,서산,2016-09,320.72
129,서산,2016-10,256.81
129,서산,2016-11,204.22
129,서산,2016-12,181.16
129,서산,2017-01,211.19
129,서산,2017-02,270.76
129,서산,2017-03,409.2
129,서산,2017-04,461.91
129,서산,2017-05,545.47
129,서산,2017-06,504.07
129,서산,2017-07,298.6
129,서산,2017-08,373.33
129,서산,2017-09,388.27
129,서산,2017-10,343.35
129,서산,2017-11,179.22
129,서산,2017-12,134.77
129,서산,2018-01,218.43
129,서산,2018-02,358.79
129,서산,2018-03,466.24
129,서산,2018-04,559.79
129,서산,2018-05,601.27
129,서산,2018-06,616.93
129,서산,2018-07,647.24
129,서산,2018-08,584.81
129,서산,2018-09,503.01
129,서산,2018-10,431.79
129,서산,2018-11,281.11
129,서산,2018-12,263.7
129,서산,2019-01,304.63
129,서산,2019-02,339.94
129,서산,2019-03,495.7
129,서산,2019-04,546.94
129,서산,2019-05,764.29
129,서산,2019-06,587.13
129,서산,2019-07,513.66
129,서산,2019-08,555.03
129,서산,2019-09,383.57
129,서산,2019-10,392.7
129,서산,2019-11,283.84
129,서산,2019-12,227.78
129,서산,2020-01,246.97
129,서산,2020-02,339.88
129,서산,2020-03,537.7
129,서산,2020-04,657.93
129,서산,2020-05,588.74
129,서산,2020-06,586.87
129,서산,2020-07,451.99
129,서산,2020-08,399.75
129,서산,2020-09,446.41
129,서산,2020-10,425.32
129,서산,2020-11,265.55
129,서산,2020-12,239.48
129,서산,2021-01,245.61
129,서산,2021-02,337.31
129,서산,2021-03,471.69
129,서산,2021-04,556.5
129,서산,2021-05,569.78
129,서산,2021-06,592.97
129,서산,2021-07,630.42
129,서산,2021-08,457.9
129,서산,2021-09,447.01
129,서산,2021-10,393.01
129,서산,2021-11,268.56
129,서산,2021-12,231.07
129,서산,2022-01,308.72
129,서산,2022-02,361.22
129,서산,2022-03,423.03
129,서산,2022-04,620.57
129,서산,2022-05,777.46
129,서산,2022-06,494.71
129,서산,2022-07,583.08
129,서산,2022-08,438.53
129,서산,2022-09,485.48
129,서산,2022-10,414.51
129,서산,2022-11,296.48
129,서산,2022-12,229.88
129,서산,2023-01,281.44
129,서산,2023-02,359.64
129,서산,2023-03,522.76
129,서산,2023-04,524.1
129,서산,2023-05,611.87
129,서산,2023-06,611.71
129,서산,2023-07,492.09
129,서산,2023-08,560.71
129,서산,2023-09,424.35
129,서산,2023-10,423.35
129,서산,2023-11,254.29
129,서산,2023-12,192.09
129,서산,2024-01,254.83
129,서산,2024-02,255.38
129,서산,2024-03,481.26
129,서산,2024-04,541.27
129,서산,2024-05,686.56
129,서산,2024-06,714.29
129,서산,2024-07,452.91
129,서산,2024-08,560.22
129,서산,2024-09,452.55
129,서산,2024-10,361.52
129,서산,2024-11,301
129,서산,2024-12,247.94
129,서산,2025-01,278.04
129,서산,2025-02,388.86
129,서산,2025-03,499.4
129,서산,2025-04,595.98
129,서산,2025-05,557.82
129,서산,2025-06,569.4
129,서산,2025-07,633.8
129,서산,2025-08,566.24
129,서산,2025-09,383.29
129,서산,2025-10,318.66
129,서산,2025-11,321.05
129,서산,2025-12,245.67
130,울진,2022-12,0
131,청주,2016-01,245.37
131,청주,2016-02,305.52
131,청주,2016-03,460.85
131,청주,2016-04,498.24
131,청주,2016-05,649.03
131,청주,2016-06,578.26
131,청주,2016-07,481.68
131,청주,2016-08,528.68
131,청주,2016-09,370.46
131,청주,2016-10,294.55
131,청주,2016-11,253.74
131,청주,2016-12,211.97
131,청주,2017-01,258.24
131,청주,2017-02,338.06
131,청주,2017-03,465.65
131,청주,2017-04,554.54
131,청주,2017-05,661.15
131,청주,2017-06,620.3
131,청주,2017-07,405.66
131,청주,2017-08,463.86
131,청주,2017-09,459.26
131,청주,2017-10,353.21
131,청주,2017-11,272.04
131,청주,2017-12,238.6
131,청주,2018-01,255.67
131,청주,2018-02,326.83
131,청주,2018-03,405.33
131,청주,2018-04,557.56
131,청주,2018-05,621
131,청주,2018-06,644.32
131,청주,2018-07,640.76
131,청주,2018-08,554.85
131,청주,2018-09,465.75
131,청주,2018-10,415.49
131,청주,2018-11,278.18
131,청주,2018-12,260.23
131,청주,2019-01,294.85
131,청주,2019-02,329.87
131,청주,2019-03,449.46
131,청주,2019-04,513.53
131,청주,2019-05,752.38
131,청주,2019-06,649.38
131,청주,2019-07,538.86
131,청주,2019-08,589.93
131,청주,2019-09,411.52
131,청주,2019-10,404.75
131,청주,2019-11,292.37
131,청주,2019-12,226.29
131,청주,2020-01,240.43
131,청주,2020-02,328.27
131,청주,2020-03,522.47
131,청주,2020-04,647.94
131,청주,2020-05,635.42
131,청주,2020-06,619.12
131,청주,2020-07,456.18
131,청주,2020-08,488.11
131,청주,2020-09,468.57
131,청주,2020-10,429.9
131,청주,2020-11,281.85
131,청주,2020-12,253.94
131,청주,2021-01,272.83
131,청주,2021-02,350.53
131,청주,2021-03,458.67
131,청주,2021-04,580.04
131,청주,2021-05,561.32
131,청주,2021-06,612.12
131,청주,2021-07,653.71
131,청주,2021-08,473.9
131,청주,2021-09,450.48
131,청주,2021-10,402.13
131,청주,2021-11,280.14
131,청주,2021-12,249.96
131,청주,2022-01,303.44
131,청주,2022-02,385.29
131,청주,2022-03,419.78
131,청주,2022-04,629.81
131,청주,2022-05,795.09
131,청주,2022-06,556.06
131,청주,2022-07,579.59
131,청주,2022-08,432.69
131,청주,2022-09,512.29
131,청주,2022-10,425.84
131,청주,2022-11,298.1
131,청주,2022-12,229.95
131,청주,2023-01,294.86
131,청주,2023-02,338.4
131,청주,2023-03,532.72
131,청주,2023-04,519.45
131,청주,2023-05,636.59
131,청주,2023-06,648.66
131,청주,2023-07,502.21
131,청주,2023-08,524.26
131,청주,2023-09,448.33
131,청주,2023-10,436.81
131,청주,2023-11,289.43
131,청주,2023-12,212.76
131,청주,2024-01,246.33
131,청주,2024-02,233.16
131,청주,2024-03,471.12
131,청주,2024-04,537.51
131,청주,2024-05,728.92
131,청주,2024-06,721.63
131,청주,2024-07,504.93
131,청주,2024-08,615.31
131,청주,2024-09,474.92
131,청주,2024-10,339.17
131,청주,2024-11,297.59
131,청주,2024-12,264.29
131,청주,2025-01,277.23
131,청주,2025-02,391.76
131,청주,2025-03,481.02
131,청주,2025-04,620.57
131,청주,2025-05,582.11
131,청주,2025-06,619.21
131,청주,2025-07,663.2
131,청주,2025-08,583.21
131,청주,2025-09,392.98
131,청주,2025-10,321.44
131,청주,2025-11,344
131,청주,2025-12,246.52
133,대전,2016-01,282.85
133,대전,2016-02,359.78
133,대전,2016-03,537.44
133,대전,2016-04,587.62
133,대전,2016-05,759.29
133,대전,2016-06,643.42
133,대전,2016-07,578.85
133,대전,2016-08,633.3
133,대전,2016-09,415.88
133,대전,2016-10,351.9
133,대전,2016-11,296.47
133,대전,2016-12,250.29
133,대전,2017-01,317.33
133,대전,2017-02,397.95
133,대전,2017-03,550.58
133,대전,2017-04,649.01
133,대전,2017-05,761.27
133,대전,2017-06,730.94
133,대전,2017-07,486.61
133,대전,2017-08,553
133,대전,2017-09,537.02
133,대전,2017-10,406.7
133,대전,2017-11,321.62
133,대전,2017-12,242.01
133,대전,2018-01,206.12
133,대전,2018-02,239.65
133,대전,2018-03,491.91
133,대전,2018-04,523.88
133,대전,2018-05,665.57
133,대전,2018-06,683.76
133,대전,2018-07,666.2
133,대전,2018-08,599.59
133,대전,2018-09,492.13
133,대전,2018-10,443.03
133,대전,2018-11,297.3
133,대전,2018-12,279.97
133,대전,2019-01,317.39
133,대전,2019-02,356.73
133,대전,2019-03,488.53
133,대전,2019-04,548.21
133,대전,2019-05,759.89
133,대전,2019-06,671.8
133,대전,2019-07,566.06
133,대전,2019-08,601.3
133,대전,2019-09,430.36
133,대전,2019-10,424.26
133,대전,2019-11,320.6
133,대전,2019-12,258.97
133,대전,2020-01,266
133,대전,2020-02,360.98
133,대전,2020-03,570.79
133,대전,2020-04,711.35
133,대전,2020-05,677.69
133,대전,2020-06,609.37
133,대전,2020-07,428.51
133,대전,2020-08,498.2
133,대전,2020-09,481.31
133,대전,2020-10,404.05
133,대전,2020-11,259.68
133,대전,2020-12,255.33
133,대전,2021-01,263.22
133,대전,2021-02,346.85
133,대전,2021-03,449.53
133,대전,2021-04,553.13
133,대전,2021-05,526.04
133,대전,2021-06,565.42
133,대전,2021-07,590.14
133,대전,2021-08,421.52
133,대전,2021-09,401.14
133,대전,2021-10,383.07
133,대전,2021-11,263.73
133,대전,2021-12,241.28
133,대전,2022-01,318.31
133,대전,2022-02,384.48
133,대전,2022-03,419.36
133,대전,2022-04,614.78
133,대전,2022-05,770.32
133,대전,2022-06,566.31
133,대전,2022-07,542.22
133,대전,2022-08,424.22
133,대전,2022-09,495.28
133,대전,2022-10,442.24
133,대전,2022-11,309.14
133,대전,2022-12,246.74
133,대전,2023-01,301.68
133,대전,2023-02,349.63
133,대전,2023-03,530.89
133,대전,2023-04,528.21
133,대전,2023-05,618.41
133,대전,2023-06,649.34
133,대전,2023-07,473.98
133,대전,2023-08,542.41
133,대전,2023-09,443.12
133,대전,2023-10,445.48
133,대전,2023-11,293.28
133,대전,2023-12,233.54
133,대전,2024-01,258.56
133,대전,2024-02,257.65
133,대전,2024-03,475.82
133,대전,2024-04,540.2
133,대전,2024-05,720.64
133,대전,2024-06,697.02
133,대전,2024-07,460.51
133,대전,2024-08,612.88
133,대전,2024-09,485.82
133,대전,2024-10,340.01
133,대전,2024-11,308.4
133,대전,2024-12,265.25
133,대전,2025-01,289.87
133,대전,2025-02,402.67
133,대전,2025-03,481.98
133,대전,2025-04,612.41
133,대전,2025-05,552.49
133,대전,2025-06,611.68
133,대전,2025-07,621.53
133,대전,2025-08,571.88
133,대전,2025-09,367.93
133,대전,2025-10,320.03
133,대전,2025-11,335.24
133,대전,2025-12,249.74
135,추풍령,2016-01,266.79
135,추풍령,2016-02,330.87
135,추풍령,2016-03,478.8
135,추풍령,2016-04,507.17
135,추풍령,2016-05,690.28
135,추풍령,2016-06,563.07
135,추풍령,2016-07,537.69
135,추풍령,2016-08,580.45
135,추풍령,2016-09,340.1
135,추풍령,2016-10,293.32
135,추풍령,2016-11,271.11
135,추풍령,2016-12,239.92
135,추풍령,2017-01,293.88
135,추풍령,2017-02,385.03
135,추풍령,2017-03,491.1
135,추풍령,2017-04,563.55
135,추풍령,2017-05,680.16
135,추풍령,2017-06,653.34
135,추풍령,2017-07,450.85
135,추풍령,2017-08,498.29
135,추풍령,2017-09,481.65
135,추풍령,2017-10,357.24
135,추풍령,2017-11,309.13
135,추풍령,2017-12,259.35
135,추풍령,2018-01,307.21
135,추풍령,2018-02,358.17
135,추풍령,2018-03,467.92
135,추풍령,2018-04,552.92
135,추풍령,2018-05,577.31
135,추풍령,2018-06,585.87
135,추풍령,2018-07,617.51
135,추풍령,2018-08,528.9
135,추풍령,2018-09,415.21
135,추풍령,2018-10,416.45
135,추풍령,2018-11,283.94
135,추풍령,2018-12,262.3
135,추풍령,2019-01,307.23
135,추풍령,2019-02,350.44
135,추풍령,2019-03,487.95
135,추풍령,2019-04,506.07
135,추풍령,2019-05,722
135,추풍령,2019-06,642.91
135,추풍령,2019-07,515.02
135,추풍령,2019-08,570.8
135,추풍령,2019-09,394.71
135,추풍령,2019-10,399.76
135,추풍령,2019-11,258.22
135,추풍령,2019-12,259.36
135,추풍령,2020-01,238.37
135,추풍령,2020-02,349.58
135,추풍령,2020-03,539.12
135,추풍령,2020-04,654.61
135,추풍령,2020-05,651.87
135,추풍령,2020-06,614.03
135,추풍령,2020-07,391.32
135,추풍령,2020-08,494.1
135,추풍령,2020-09,433.06
135,추풍령,2020-10,449.15
135,추풍령,2020-11,298.32
135,추풍령,2020-12,281.92
135,추풍령,2021-01,298.46
135,추풍령,2021-02,368.59
135,추풍령,2021-03,471.41
135,추풍령,2021-04,591.76
135,추풍령,2021-05,560.85
135,추풍령,2021-06,597.88
135,추풍령,2021-07,625.42
135,추풍령,2021-08,416.39
135,추풍령,2021-09,402.65
135,추풍령,2021-10,412.27
135,추풍령,2021-11,293.81
135,추풍령,2021-12,277.62
135,추풍령,2022-01,331.26
135,추풍령,2022-02,407.35
135,추풍령,2022-03,440.26
135,추풍령,2022-04,623.47
135,추풍령,2022-05,780.95
135,추풍령,2022-06,599.84
135,추풍령,2022-07,539.66
135,추풍령,2022-08,450.23
135,추풍령,2022-09,467.29
135,추풍령,2022-10,426.19
135,추풍령,2022-11,316.47
135,추풍령,2022-12,258.23
135,추풍령,2023-01,307.39
135,추풍령,2023-02,353.3
135,추풍령,2023-03,525.46
135,추풍령,2023-04,537.58
135,추풍령,2023-05,615.39
135,추풍령,2023-06,663.74
135,추풍령,2023-07,479.02
135,추풍령,2023-08,550.16
135,추풍령,2023-09,443.01
135,추풍령,2023-10,464.21
135,추풍령,2023-11,305.05
135,추풍령,2023-12,237.97
135,추풍령,2024-01,282.35
135,추풍령,2024-02,245.25
135,추풍령,2024-03,468.19
135,추풍령,2024-04,511.78
135,추풍령,2024-05,709.16
135,추풍령,2024-06,683.76
135,추풍령,2024-07,478.38
135,추풍령,2024-08,631.16
135,추풍령,2024-09,451.66
135,추풍령,2024-10,305.51
135,추풍령,2024-11,292.46
135,추풍령,2024-12,280.87
135,추풍령,2025-01,283.85
135,추풍령,2025-02,404.01
135,추풍령,2025-03,476.62
135,추풍령,2025-04,611.66
135,추풍령,2025-05,554.32
135,추풍령,2025-06,649.97
135,추풍령,2025-07,712.58
135,추풍령,2025-08,619.96
135,추풍령,2025-09,384.05
135,추풍령,2025-10,288.63
135,추풍령,2025-11,352.03
135,추풍령,2025-12,270.18
136,안동,2016-01,286.03
136,안동,2016-02,346.58
136,안동,2016-03,478.89
136,안동,2016-04,524.14
136,안동,2016-05,688.14
136,안동,2016-06,601.08
136,안동,2016-07,535.64
136,안동,2016-08,609.4
136,안동,2016-09,313.86
136,안동,2016-10,297.15
136,안동,2016-11,262.98
136,안동,2016-12,242.49
136,안동,2017-01,302.19
136,안동,2017-02,383.9
136,안동,2017-03,471.58
136,안동,2017-04,571.58
136,안동,2017-05,682.29
136,안동,2017-06,668.32
136,안동,2017-07,484.43
136,안동,2017-08,498.36
136,안동,2017-09,491.08
136,안동,2017-10,352.17
136,안동,2017-11,318.75
136,안동,2017-12,280.13
136,안동,2018-01,296.22
136,안동,2018-02,364.52
136,안동,2018-03,466.16
136,안동,2018-04,604.79
136,안동,2018-05,659.04
136,안동,2018-06,634.73
136,안동,2018-07,711.72
136,안동,2018-08,596.48
136,안동,2018-09,443.06
136,안동,2018-10,441.63
136,안동,2018-11,290.14
136,안동,2018-12,285.37
136,안동,2019-01,333.28
136,안동,2019-02,352.25
136,안동,2019-03,497.33
136,안동,2019-04,539.94
136,안동,2019-05,742.87
136,안동,2019-06,660.61
136,안동,2019-07,541.55
136,안동,2019-08,586.65
136,안동,2019-09,402.66
136,안동,2019-10,392.76
136,안동,2019-11,297.1
136,안동,2019-12,256.51
136,안동,2020-01,260.46
136,안동,2020-02,360.99
136,안동,2020-03,530.52
136,안동,2020-04,650.14
136,안동,2020-05,653.92
136,안동,2020-06,658.75
136,안동,2020-07,439.88
136,안동,2020-08,499.89
136,안동,2020-09,418.71
136,안동,2020-10,430.65
136,안동,2020-11,300.74
136,안동,2020-12,283.07
136,안동,2021-01,303.13
136,안동,2021-02,383.45
136,안동,2021-03,481.56
136,안동,2021-04,587.67
136,안동,2021-05,557.44
136,안동,2021-06,596.19
136,안동,2021-07,643.43
136,안동,2021-08,441.58
136,안동,2021-09,411.84
136,안동,2021-10,378.6
136,안동,2021-11,307.68
136,안동,2021-12,276.55
136,안동,2022-01,329.75
136,안동,2022-02,419.4
136,안동,2022-03,450.57
136,안동,2022-04,623.55
136,안동,2022-05,782.6
136,안동,2022-06,627.27
136,안동,2022-07,573.45
136,안동,2022-08,456.31
136,안동,2022-09,444.43
136,안동,2022-10,428.97
136,안동,2022-11,317.24
136,안동,2022-12,285.88
136,안동,2023-01,321.28
136,안동,2023-02,359.65
136,안동,2023-03,538.78
136,안동,2023-04,540.52
136,안동,2023-05,635.51
136,안동,2023-06,673.21
136,안동,2023-07,509.87
136,안동,2023-08,579.45
136,안동,2023-09,446.4
136,안동,2023-10,441.37
136,안동,2023-11,326.52
136,안동,2023-12,264
136,안동,2024-01,304.35
136,안동,2024-02,255.71
136,안동,2024-03,457.57
136,안동,2024-04,542.49
136,안동,2024-05,719.62
136,안동,2024-06,686.71
136,안동,2024-07,535.42
136,안동,2024-08,637.23
136,안동,2024-09,478.28
136,안동,2024-10,330.36
136,안동,2024-11,293.83
136,안동,2024-12,309.88
136,안동,2025-01,319.42
136,안동,2025-02,427.08
136,안동,2025-03,483.26
136,안동,2025-04,643.01
136,안동,2025-05,616.59
136,안동,2025-06,640.82
136,안동,2025-07,694.64
136,안동,2025-08,611.16
136,안동,2025-09,400.07
136,안동,2025-10,288.38
136,안동,2025-11,346.7
136,안동,2025-12,278.8
137,상주,2021-08,.94
137,상주,2021-10,245.68
137,상주,2021-11,282.82
137,상주,2021-12,274.22
137,상주,2022-01,323.47
137,상주,2022-02,398.94
137,상주,2022-03,424.83
137,상주,2022-04,603.36
137,상주,2022-05,777.02
137,상주,2022-06,606.7
137,상주,2022-07,538.92
137,상주,2022-08,432.79
137,상주,2022-09,449.55
137,상주,2022-10,416.34
137,상주,2022-11,309.33
137,상주,2022-12,267.59
137,상주,2023-01,311.06
137,상주,2023-02,353.58
137,상주,2023-03,510.74
137,상주,2023-04,533.23
137,상주,2023-05,624.47
137,상주,2023-06,660.09
137,상주,2023-07,511.67
137,상주,2023-08,556.02
137,상주,2023-09,428.88
137,상주,2023-10,461.26
137,상주,2023-11,313.82
137,상주,2023-12,247.08
137,상주,2024-01,290.34
137,상주,2024-02,256.97
137,상주,2024-03,457.3
137,상주,2024-04,517.17
137,상주,2024-05,713.2
137,상주,2024-06,702.14
137,상주,2024-07,500.75
137,상주,2024-08,654.82
137,상주,2024-09,463.3
137,상주,2024-10,338.72
137,상주,2024-11,297.12
137,상주,2024-12,294.61
137,상주,2025-01,306.78
137,상주,2025-02,420.16
137,상주,2025-03,484.88
137,상주,2025-04,614.83
137,상주,2025-05,592.28
137,상주,2025-06,637.03
137,상주,2025-07,577.94
137,상주,2025-08,606.92
137,상주,2025-09,396.26
137,상주,2025-10,279.26
137,상주,2025-11,348.41
137,상주,2025-12,275.09
138,포항,2016-01,232.71
138,포항,2016-02,300.58
138,포항,2016-03,364.41
138,포항,2016-04,416.63
138,포항,2016-05,558.03
138,포항,2016-06,432.87
138,포항,2016-07,437.94
138,포항,2016-08,518.06
138,포항,2016-09,255
138,포항,2016-10,249.51
138,포항,2016-11,223.79
138,포항,2016-12,213.19
138,포항,2017-01,256.14
138,포항,2017-02,316.22
138,포항,2017-03,408.61
138,포항,2017-04,475.52
138,포항,2017-05,568.96
138,포항,2017-06,556.2
138,포항,2017-07,281.11
138,포항,2017-08,293.7
138,포항,2017-09,264.87
138,포항,2017-10,178.8
138,포항,2017-11,148.57
138,포항,2017-12,178.3
138,포항,2018-01,186.43
138,포항,2018-02,217.83
138,포항,2018-03,341.72
138,포항,2018-04,553.16
138,포항,2018-05,552.3
138,포항,2018-06,536.39
138,포항,2018-07,581.93
138,포항,2018-08,505.79
138,포항,2018-09,343.26
138,포항,2018-10,395.8
138,포항,2018-11,279.82
138,포항,2018-12,245.44
138,포항,2019-01,310.96
138,포항,2019-02,326.95
138,포항,2019-03,475.71
138,포항,2019-04,500.3
138,포항,2019-05,681.24
138,포항,2019-06,567.97
138,포항,2019-07,493.35
138,포항,2019-08,524.4
138,포항,2019-09,334.03
138,포항,2019-10,354.87
138,포항,2019-11,267.74
138,포항,2019-12,255.52
138,포항,2020-01,228.6
138,포항,2020-02,342.66
138,포항,2020-03,469.18
138,포항,2020-04,605.96
138,포항,2020-05,612.03
138,포항,2020-06,628.95
138,포항,2020-07,374.77
138,포항,2020-08,519.22
138,포항,2020-09,381.74
138,포항,2020-10,430.22
138,포항,2020-11,290.85
138,포항,2020-12,300.52
138,포항,2021-01,303.58
138,포항,2021-02,365.34
138,포항,2021-03,444.21
138,포항,2021-04,579.94
138,포항,2021-05,577.87
138,포항,2021-06,574.11
138,포항,2021-07,565.62
138,포항,2021-08,412.74
138,포항,2021-09,371.93
138,포항,2021-10,367.02
138,포항,2021-11,324.88
138,포항,2021-12,300.33
138,포항,2022-01,333.37
138,포항,2022-02,398.62
138,포항,2022-03,445.52
138,포항,2022-04,592.84
138,포항,2022-05,753.7
138,포항,2022-06,602.96
138,포항,2022-07,512.67
138,포항,2022-08,443.18
138,포항,2022-09,384.73
138,포항,2022-10,387.81
138,포항,2022-11,317.29
138,포항,2022-12,307.88
138,포항,2023-01,330.13
138,포항,2023-02,332.88
138,포항,2023-03,512.63
138,포항,2023-04,575.77
138,포항,2023-05,577.87
138,포항,2023-06,643.53
138,포항,2023-07,531.84
138,포항,2023-08,518.58
138,포항,2023-09,415.66
138,포항,2023-10,452.15
138,포항,2023-11,339.02
138,포항,2023-12,267.53
138,포항,2024-01,301.4
138,포항,2024-02,235.32
138,포항,2024-03,461.5
138,포항,2024-04,504.71
138,포항,2024-05,724.89
138,포항,2024-06,654.9
138,포항,2024-07,534.44
138,포항,2024-08,650.3
138,포항,2024-09,421.33
138,포항,2024-10,313.9
138,포항,2024-11,258.65
138,포항,2024-12,317.09
138,포항,2025-01,326.63
138,포항,2025-02,419.13
138,포항,2025-03,465.71
138,포항,2025-04,628.67
138,포항,2025-05,627.09
138,포항,2025-06,627.87
138,포항,2025-07,688.51
138,포항,2025-08,610.21
138,포항,2025-09,394.33
138,포항,2025-10,247.91
138,포항,2025-11,343.83
138,포항,2025-12,285.73
143,대구,2016-01,265.94
143,대구,2016-02,352.07
143,대구,2016-03,459.3
143,대구,2016-04,507
143,대구,2016-05,655.45
143,대구,2016-06,524.66
143,대구,2016-07,516.26
143,대구,2016-08,598.37
143,대구,2016-09,325.16
143,대구,2016-10,304.1
143,대구,2016-11,278.14
143,대구,2016-12,240.44
143,대구,2017-01,301.04
143,대구,2017-02,381.1
143,대구,2017-03,490.83
143,대구,2017-04,575.09
143,대구,2017-05,668.09
143,대구,2017-06,664.08
143,대구,2017-07,475.51
143,대구,2017-08,535.56
143,대구,2017-09,473.31
143,대구,2017-10,339.76
143,대구,2017-11,321.59
143,대구,2017-12,285.63
143,대구,2018-01,311.43
143,대구,2018-02,356.28
143,대구,2018-03,470.41
143,대구,2018-04,559.89
143,대구,2018-05,569.94
143,대구,2018-06,575.54
143,대구,2018-07,583.52
143,대구,2018-08,544.94
143,대구,2018-09,391.07
143,대구,2018-10,417.44
143,대구,2018-11,290.08
143,대구,2018-12,260.56
143,대구,2019-01,319.27
143,대구,2019-02,345.66
143,대구,2019-03,500.7
143,대구,2019-04,480.63
143,대구,2019-05,702.36
143,대구,2019-06,620.6
143,대구,2019-07,487.33
143,대구,2019-08,515.88
143,대구,2019-09,379.27
143,대구,2019-10,386.33
143,대구,2019-11,291.61
143,대구,2019-12,257.63
143,대구,2020-01,266.64
143,대구,2020-02,375.31
143,대구,2020-03,540.59
143,대구,2020-04,647.86
143,대구,2020-05,661.45
143,대구,2020-06,632.61
143,대구,2020-07,421.05
143,대구,2020-08,534.44
143,대구,2020-09,409.03
143,대구,2020-10,442.4
143,대구,2020-11,320.68
143,대구,2020-12,304.57
143,대구,2021-01,315.94
143,대구,2021-02,372.05
143,대구,2021-03,489.34
143,대구,2021-04,616.96
143,대구,2021-05,598.19
143,대구,2021-06,594.91
143,대구,2021-07,608.97
143,대구,2021-08,453.3
143,대구,2021-09,402.76
143,대구,2021-10,425.96
143,대구,2021-11,320.4
143,대구,2021-12,308.9
143,대구,2022-01,350.35
143,대구,2022-02,416.9
143,대구,2022-03,479.66
143,대구,2022-04,614.53
143,대구,2022-05,774.85
143,대구,2022-06,603.39
143,대구,2022-07,569.6
143,대구,2022-08,449.78
143,대구,2022-09,453.26
143,대구,2022-10,457.38
143,대구,2022-11,330.4
143,대구,2022-12,298.9
143,대구,2023-01,328.9
143,대구,2023-02,352.59
143,대구,2023-03,516.58
143,대구,2023-04,560.34
143,대구,2023-05,596.25
143,대구,2023-06,635.54
143,대구,2023-07,485.69
143,대구,2023-08,534.68
143,대구,2023-09,409.2
143,대구,2023-10,457.45
143,대구,2023-11,335.24
143,대구,2023-12,264.12
143,대구,2024-01,311.95
143,대구,2024-02,258.08
143,대구,2024-03,469.72
143,대구,2024-04,511.52
143,대구,2024-05,723.92
143,대구,2024-06,644.38
143,대구,2024-07,515.32
143,대구,2024-08,634.38
143,대구,2024-09,454.92
143,대구,2024-10,347.7
143,대구,2024-11,292.79
143,대구,2024-12,304.49
143,대구,2025-01,311
143,대구,2025-02,409.62
143,대구,2025-03,486.29
143,대구,2025-04,630.25
143,대구,2025-05,598.7
143,대구,2025-06,588.67
143,대구,2025-07,682.4
143,대구,2025-08,564.87
143,대구,2025-09,406.09
143,대구,2025-10,314.03
143,대구,2025-11,351.98
143,대구,2025-12,281.56
146,전주,2016-01,239.54
146,전주,2016-02,344.37
146,전주,2016-03,519
146,전주,2016-04,526.14
146,전주,2016-05,709.69
146,전주,2016-06,557.71
146,전주,2016-07,564.96
146,전주,2016-08,601.61
146,전주,2016-09,408.23
146,전주,2016-10,312.26
146,전주,2016-11,286.94
146,전주,2016-12,248.23
146,전주,2017-01,299.09
146,전주,2017-02,372.63
146,전주,2017-03,527.55
146,전주,2017-04,607.56
146,전주,2017-05,705.07
146,전주,2017-06,666.89
146,전주,2017-07,480.69
146,전주,2017-08,533.35
146,전주,2017-09,493.74
146,전주,2017-10,383.9
146,전주,2017-11,300.38
146,전주,2017-12,259.31
146,전주,2018-01,288.19
146,전주,2018-02,369.12
146,전주,2018-03,487.52
146,전주,2018-04,568.67
146,전주,2018-05,606
146,전주,2018-06,626.09
146,전주,2018-07,682.56
146,전주,2018-08,583.99
146,전주,2018-09,472.4
146,전주,2018-10,432.22
146,전주,2018-11,298.67
146,전주,2018-12,263.87
146,전주,2019-01,309.2
146,전주,2019-02,341.34
146,전주,2019-03,487.53
146,전주,2019-04,511.84
146,전주,2019-05,765.48
146,전주,2019-06,619.46
146,전주,2019-07,518.47
146,전주,2019-08,566.26
146,전주,2019-09,419.23
146,전주,2019-10,415.98
146,전주,2019-11,315.87
146,전주,2019-12,259
146,전주,2020-01,242.36
146,전주,2020-02,349.97
146,전주,2020-03,547.11
146,전주,2020-04,680.76
146,전주,2020-05,619.71
146,전주,2020-06,533.34
146,전주,2020-07,375.61
146,전주,2020-08,466.92
146,전주,2020-09,419.43
146,전주,2020-10,422.25
146,전주,2020-11,277.42
146,전주,2020-12,258.47
146,전주,2021-01,270.69
146,전주,2021-02,337.04
146,전주,2021-03,450.85
146,전주,2021-04,576.5
146,전주,2021-05,538.96
146,전주,2021-06,571.52
146,전주,2021-07,554.76
146,전주,2021-08,469.92
146,전주,2021-09,407.92
146,전주,2021-10,409.05
146,전주,2021-11,272.18
146,전주,2021-12,239.26
146,전주,2022-01,298.1
146,전주,2022-02,371.59
146,전주,2022-03,406.05
146,전주,2022-04,604.45
146,전주,2022-05,727.04
146,전주,2022-06,530.29
146,전주,2022-07,510.14
146,전주,2022-08,420.24
146,전주,2022-09,467.82
146,전주,2022-10,446.51
146,전주,2022-11,301.31
146,전주,2022-12,244.64
146,전주,2023-01,292.13
146,전주,2023-02,333.79
146,전주,2023-03,508.38
146,전주,2023-04,500.08
146,전주,2023-05,571.55
146,전주,2023-06,598.38
146,전주,2023-07,452.3
146,전주,2023-08,513.39
146,전주,2023-09,433.36
146,전주,2023-10,436.05
146,전주,2023-11,269.56
146,전주,2023-12,213.67
146,전주,2024-01,260.14
146,전주,2024-02,248.51
146,전주,2024-03,449.55
146,전주,2024-04,496.14
146,전주,2024-05,686.79
146,전주,2024-06,624.13
146,전주,2024-07,474.42
146,전주,2024-08,583.89
146,전주,2024-09,452.46
146,전주,2024-10,343.17
146,전주,2024-11,278.32
146,전주,2024-12,235.12
146,전주,2025-01,274.95
146,전주,2025-02,368.7
146,전주,2025-03,460.64
146,전주,2025-04,585.32
146,전주,2025-05,560.62
146,전주,2025-06,624.09
146,전주,2025-07,626.37
146,전주,2025-08,583.01
146,전주,2025-09,395.68
146,전주,2025-10,335.03
146,전주,2025-11,332.88
146,전주,2025-12,252.41
152,울산,2023-01,163.69
152,울산,2023-02,343.1
152,울산,2023-03,514.37
152,울산,2023-04,555.11
152,울산,2023-05,565.3
152,울산,2023-06,602.14
152,울산,2023-07,533.64
152,울산,2023-08,530.64
152,울산,2023-09,397.48
152,울산,2023-10,459.24
152,울산,2023-11,347.51
152,울산,2023-12,277.38
152,울산,2024-01,309.49
152,울산,2024-02,247.49
152,울산,2024-03,481.87
152,울산,2024-04,499
152,울산,2024-05,711.7
152,울산,2024-06,599.66
152,울산,2024-07,564.56
152,울산,2024-08,654.79
152,울산,2024-09,453.19
152,울산,2024-10,316.49
152,울산,2024-11,289.55
152,울산,2024-12,329.81
152,울산,2025-01,346.79
152,울산,2025-02,425.87
152,울산,2025-03,485.17
152,울산,2025-04,628.39
152,울산,2025-05,627.16
152,울산,2025-06,620.95
152,울산,2025-07,707.52
152,울산,2025-08,604.21
152,울산,2025-09,386.34
152,울산,2025-10,264.78
152,울산,2025-11,340.87
152,울산,2025-12,295.99
155,창원,2016-01,311.83
155,창원,2016-02,404.75
155,창원,2016-03,494.27
155,창원,2016-04,547.48
155,창원,2016-05,670.96
155,창원,2016-06,558.7
155,창원,2016-07,598.93
155,창원,2016-08,642.99
155,창원,2016-09,359.05
155,창원,2016-10,344.22
155,창원,2016-11,308.42
155,창원,2016-12,295.09
155,창원,2017-01,358.57
155,창원,2017-02,417.93
155,창원,2017-03,520.43
155,창원,2017-04,615.31
155,창원,2017-05,727.14
155,창원,2017-06,701.64
155,창원,2017-07,569.55
155,창원,2017-08,593.87
155,창원,2017-09,492.9
155,창원,2017-10,385.58
155,창원,2017-11,365.63
155,창원,2017-12,329.31
155,창원,2018-01,345.92
155,창원,2018-02,401.9
155,창원,2018-03,498.56
155,창원,2018-04,585.93
155,창원,2018-05,573.34
155,창원,2018-06,603.37
155,창원,2018-07,670.19
155,창원,2018-08,525.49
155,창원,2018-09,381.42
155,창원,2018-10,455.43
155,창원,2018-11,339.45
155,창원,2018-12,296.07
155,창원,2019-01,356.56
155,창원,2019-02,174.76
155,창원,2019-03,325.58
155,창원,2019-04,477.48
155,창원,2019-05,714.78
155,창원,2019-06,623.48
155,창원,2019-07,493.78
155,창원,2019-08,522.87
155,창원,2019-09,319.28
155,창원,2019-10,378.01
155,창원,2019-11,303.78
155,창원,2019-12,256.57
155,창원,2020-01,233.19
155,창원,2020-02,347.25
155,창원,2020-03,512.57
155,창원,2020-04,626.33
155,창원,2020-05,610.88
155,창원,2020-06,636.31
155,창원,2020-07,359.02
155,창원,2020-08,523.05
155,창원,2020-09,407.11
155,창원,2020-10,428.99
155,창원,2020-11,296.71
155,창원,2020-12,283.07
155,창원,2021-01,288.84
155,창원,2021-02,352.42
155,창원,2021-03,475.47
155,창원,2021-04,586.64
155,창원,2021-05,588.66
155,창원,2021-06,598.2
155,창원,2021-07,598.42
155,창원,2021-08,493.79
155,창원,2021-09,341.15
155,창원,2021-10,417.24
155,창원,2021-11,309.66
155,창원,2021-12,283
155,창원,2022-01,317.99
155,창원,2022-02,399.01
155,창원,2022-03,438.43
155,창원,2022-04,577.33
155,창원,2022-05,727.23
155,창원,2022-06,529.93
155,창원,2022-07,594.59
155,창원,2022-08,460.29
155,창원,2022-09,411.18
155,창원,2022-10,437.05
155,창원,2022-11,306.5
155,창원,2022-12,279.3
155,창원,2023-01,308.24
155,창원,2023-02,338.43
155,창원,2023-03,477.81
155,창원,2023-04,524.42
155,창원,2023-05,544.11
155,창원,2023-06,599.37
155,창원,2023-07,451.25
155,창원,2023-08,558.66
155,창원,2023-09,405.28
155,창원,2023-10,437.82
155,창원,2023-11,317.48
155,창원,2023-12,252.86
155,창원,2024-01,292.07
155,창원,2024-02,254.16
155,창원,2024-03,465.11
155,창원,2024-04,475.77
155,창원,2024-05,699.7
155,창원,2024-06,589.97
155,창원,2024-07,496.09
155,창원,2024-08,655.65
155,창원,2024-09,484.13
155,창원,2024-10,365.67
155,창원,2024-11,304.85
155,창원,2024-12,319.83
155,창원,2025-01,339.3
155,창원,2025-02,411.71
155,창원,2025-03,464.03
155,창원,2025-04,593.86
155,창원,2025-05,589.83
155,창원,2025-06,613.68
155,창원,2025-07,698.82
155,창원,2025-08,602.71
155,창원,2025-09,404.64
155,창원,2025-10,326
155,창원,2025-11,353.96
155,창원,2025-12,295.04
156,광주,2016-01,244.83
156,광주,2016-02,348.22
156,광주,2016-03,520.95
156,광주,2016-04,541.64
156,광주,2016-05,681.6
156,광주,2016-06,505.22
156,광주,2016-07,570.17
156,광주,2016-08,592.06
156,광주,2016-09,408.67
156,광주,2016-10,318.54
156,광주,2016-11,297
156,광주,2016-12,241.72
156,광주,2017-01,291.97
156,광주,2017-02,366.96
156,광주,2017-03,519.15
156,광주,2017-04,614.81
156,광주,2017-05,704.45
156,광주,2017-06,640.81
156,광주,2017-07,494.13
156,광주,2017-08,547.82
156,광주,2017-09,463.02
156,광주,2017-10,392.99
156,광주,2017-11,343.91
156,광주,2017-12,275.81
156,광주,2018-01,292.12
156,광주,2018-02,352.83
156,광주,2018-03,445.57
156,광주,2018-04,579.66
156,광주,2018-05,581.84
156,광주,2018-06,630.27
156,광주,2018-07,660.92
156,광주,2018-08,590.22
156,광주,2018-09,461.03
156,광주,2018-10,456.15
156,광주,2018-11,335.3
156,광주,2018-12,284.78
156,광주,2019-01,340.78
156,광주,2019-02,359.82
156,광주,2019-03,520.96
156,광주,2019-04,499.58
156,광주,2019-05,750.55
156,광주,2019-06,607.69
156,광주,2019-07,504.72
156,광주,2019-08,549.91
156,광주,2019-09,417.03
156,광주,2019-10,430.67
156,광주,2019-11,337.05
156,광주,2019-12,242.93
156,광주,2020-01,264.36
156,광주,2020-02,346.78
156,광주,2020-03,568.48
156,광주,2020-04,686.9
156,광주,2020-05,619.38
156,광주,2020-06,592.22
156,광주,2020-07,394.45
156,광주,2020-08,501.73
156,광주,2020-09,441.01
156,광주,2020-10,477.99
156,광주,2020-11,320.91
156,광주,2020-12,299.96
156,광주,2021-01,304.64
156,광주,2021-02,356.28
156,광주,2021-03,524.59
156,광주,2021-04,622.29
156,광주,2021-05,617.85
156,광주,2021-06,603.21
156,광주,2021-07,566.24
156,광주,2021-08,466.53
156,광주,2021-09,389.17
156,광주,2021-10,439.7
156,광주,2021-11,310.83
156,광주,2021-12,288.88
156,광주,2022-01,327.51
156,광주,2022-02,395.79
156,광주,2022-03,434.2
156,광주,2022-04,647.3
156,광주,2022-05,770.49
156,광주,2022-06,570.73
156,광주,2022-07,552.07
156,광주,2022-08,454.3
156,광주,2022-09,483.16
156,광주,2022-10,459.57
156,광주,2022-11,336.75
156,광주,2022-12,275.78
156,광주,2023-01,320.32
156,광주,2023-02,383.37
156,광주,2023-03,548.72
156,광주,2023-04,535.21
156,광주,2023-05,589.17
156,광주,2023-06,624.15
156,광주,2023-07,452.14
156,광주,2023-08,574.76
156,광주,2023-09,463.48
156,광주,2023-10,483.8
156,광주,2023-11,293.97
156,광주,2023-12,231.34
156,광주,2024-01,294.22
156,광주,2024-02,277.48
156,광주,2024-03,472.09
156,광주,2024-04,501.88
156,광주,2024-05,707.88
156,광주,2024-06,629.59
156,광주,2024-07,451.46
156,광주,2024-08,626.66
156,광주,2024-09,479.05
156,광주,2024-10,387.53
156,광주,2024-11,312.84
156,광주,2024-12,273.77
156,광주,2025-01,318.57
156,광주,2025-02,383.03
156,광주,2025-03,468.82
156,광주,2025-04,624.63
156,광주,2025-05,587.4
156,광주,2025-06,639.24
156,광주,2025-07,625.84
156,광주,2025-08,573.37
156,광주,2025-09,408.99
156,광주,2025-10,371.45
156,광주,2025-11,353.19
156,광주,2025-12,273.57
159,부산,2016-01,286.39
159,부산,2016-02,381.9
159,부산,2016-03,447.31
159,부산,2016-04,495.68
159,부산,2016-05,611.92
159,부산,2016-06,470.74
159,부산,2016-07,548.38
159,부산,2016-08,609.31
159,부산,2016-09,329.17
159,부산,2016-10,313.38
159,부산,2016-11,272.68
159,부산,2016-12,271.89
159,부산,2017-01,320
159,부산,2017-02,390.21
159,부산,2017-03,476.77
159,부산,2017-04,553.35
159,부산,2017-05,672.18
159,부산,2017-06,636.71
159,부산,2017-07,553.72
159,부산,2017-08,511.56
159,부산,2017-09,421.36
159,부산,2017-10,299.12
159,부산,2017-11,279.14
159,부산,2017-12,304.82
159,부산,2018-01,311.47
159,부산,2018-02,349.31
159,부산,2018-03,325.17
159,부산,2018-04,421.12
159,부산,2018-05,265.31
159,부산,2018-06,563.45
159,부산,2018-07,446.43
159,부산,2018-09,202.97
159,부산,2018-10,443.16
159,부산,2018-11,334.54
159,부산,2018-12,292.19
159,부산,2019-01,358.64
159,부산,2019-02,379.2
159,부산,2019-03,547.76
159,부산,2019-04,535.46
159,부산,2019-05,749.14
159,부산,2019-06,620.06
159,부산,2019-07,544.77
159,부산,2019-08,594.42
159,부산,2019-09,415.5
159,부산,2019-10,421.23
159,부산,2019-11,341.34
159,부산,2019-12,300.64
159,부산,2020-01,283.59
159,부산,2020-02,373.12
159,부산,2020-03,534.87
159,부산,2020-04,649.75
159,부산,2020-05,645.68
159,부산,2020-06,660.4
159,부산,2020-07,393.46
159,부산,2020-08,582.67
159,부산,2020-09,437.36
159,부산,2020-10,462.44
159,부산,2020-11,339.04
159,부산,2020-12,330.87
159,부산,2021-01,318.28
159,부산,2021-02,393.23
159,부산,2021-03,515.26
159,부산,2021-04,646.07
159,부산,2021-05,585.96
159,부산,2021-06,630.93
159,부산,2021-07,603.76
159,부산,2021-08,500.44
159,부산,2021-09,367.94
159,부산,2021-10,453.21
159,부산,2021-11,359.73
159,부산,2021-12,339.36
159,부산,2022-01,369
159,부산,2022-02,446.81
159,부산,2022-03,479
159,부산,2022-04,611.32
159,부산,2022-05,796.12
159,부산,2022-06,554.45
159,부산,2022-07,622.11
159,부산,2022-08,524.39
159,부산,2022-09,435.03
159,부산,2022-10,459.77
159,부산,2022-11,331.73
159,부산,2022-12,332.4
159,부산,2023-01,362.71
159,부산,2023-02,372.98
159,부산,2023-03,522.09
159,부산,2023-04,577.61
159,부산,2023-05,561.64
159,부산,2023-06,618.05
159,부산,2023-07,513.02
159,부산,2023-08,592.52
159,부산,2023-09,433.06
159,부산,2023-10,491.43
159,부산,2023-11,361.4
159,부산,2023-12,298.41
159,부산,2024-01,342.85
159,부산,2024-02,278.68
159,부산,2024-03,507.97
159,부산,2024-04,527.18
159,부산,2024-05,743.56
159,부산,2024-06,594.02
159,부산,2024-07,546.79
159,부산,2024-08,707.85
159,부산,2024-09,516.15
159,부산,2024-10,355.89
159,부산,2024-11,322.67
159,부산,2024-12,347.86
159,부산,2025-01,371.85
159,부산,2025-02,439.22
159,부산,2025-03,497.38
159,부산,2025-04,648.07
159,부산,2025-05,639.55
159,부산,2025-06,589.51
159,부산,2025-07,753.71
159,부산,2025-08,643.76
159,부산,2025-09,453.33
159,부산,2025-10,337.15
159,부산,2025-11,376.51
159,부산,2025-12,320.77
162,통영,2023-01,183.7
162,통영,2023-02,362.89
162,통영,2023-03,459.12
162,통영,2023-04,516.84
162,통영,2023-05,550.13
162,통영,2023-06,590.24
162,통영,2023-07,421.54
162,통영,2023-08,571.88
162,통영,2023-09,440.24
162,통영,2023-10,469.74
162,통영,2023-11,345.67
162,통영,2023-12,285.73
162,통영,2024-01,320.15
162,통영,2024-02,284.05
162,통영,2024-03,484.78
162,통영,2024-04,485.72
162,통영,2024-05,668.82
162,통영,2024-06,575.13
162,통영,2024-07,471.63
162,통영,2024-08,697.07
162,통영,2024-09,498.53
162,통영,2024-10,369.05
162,통영,2024-11,308.3
162,통영,2024-12,331.14
162,통영,2025-01,355.93
162,통영,2025-02,412.47
162,통영,2025-03,487.91
162,통영,2025-04,602.8
162,통영,2025-05,563.8
162,통영,2025-06,575.88
162,통영,2025-07,728.58
162,통영,2025-08,606.09
162,통영,2025-09,448.03
162,통영,2025-10,361.53
162,통영,2025-11,362.33
162,통영,2025-12,304.99
165,목포,2016-01,196.02
165,목포,2016-02,278.67
165,목포,2016-03,423.08
165,목포,2016-04,435.42
165,목포,2016-05,538.58
165,목포,2016-06,426.94
165,목포,2016-07,463.35
165,목포,2016-08,522.79
165,목포,2016-09,339.28
165,목포,2016-10,248.2
165,목포,2016-11,228.2
165,목포,2016-12,193.92
165,목포,2017-01,234.32
165,목포,2017-02,291.31
165,목포,2017-03,426.17
165,목포,2017-04,496.19
165,목포,2017-05,570.74
165,목포,2017-06,512.28
165,목포,2017-07,436.99
165,목포,2017-08,491.11
165,목포,2017-09,403.89
165,목포,2017-10,313.51
165,목포,2017-11,258.44
165,목포,2017-12,208.31
165,목포,2018-01,238.42
165,목포,2018-02,266.79
165,목포,2018-03,383.44
165,목포,2018-04,482.24
165,목포,2018-05,532.37
165,목포,2018-06,624.44
165,목포,2018-07,673.26
165,목포,2018-08,573.11
165,목포,2018-09,454.79
165,목포,2018-10,437.14
165,목포,2018-11,319.95
165,목포,2018-12,233.59
165,목포,2019-01,303.1
165,목포,2019-02,319.42
165,목포,2019-03,495.34
165,목포,2019-04,480.54
165,목포,2019-05,715.2
165,목포,2019-06,601.63
165,목포,2019-07,515.96
165,목포,2019-08,564.17
165,목포,2019-09,415.8
165,목포,2019-10,401.86
165,목포,2019-11,306.18
165,목포,2019-12,243.62
165,목포,2020-01,234.89
165,목포,2020-02,329.43
165,목포,2020-03,526.44
165,목포,2020-04,664.15
165,목포,2020-05,578.61
165,목포,2020-06,578.39
165,목포,2020-07,398.94
165,목포,2020-08,522.89
165,목포,2020-09,436.02
165,목포,2020-10,448.43
165,목포,2020-11,285.46
165,목포,2020-12,263.19
165,목포,2021-01,275.67
165,목포,2021-02,330.45
165,목포,2021-03,500.49
165,목포,2021-04,599.12
165,목포,2021-05,630.9
165,목포,2021-06,627.6
165,목포,2021-07,574.31
165,목포,2021-08,521.78
165,목포,2021-09,416.72
165,목포,2021-10,433.2
165,목포,2021-11,293.61
165,목포,2021-12,252.92
165,목포,2022-01,314.34
165,목포,2022-02,366.03
165,목포,2022-03,447.57
165,목포,2022-04,636.79
165,목포,2022-05,752.24
165,목포,2022-06,565.37
165,목포,2022-07,591.94
165,목포,2022-08,515.05
165,목포,2022-09,469.23
165,목포,2022-10,476.03
165,목포,2022-11,321.68
165,목포,2022-12,264.96
165,목포,2023-01,294.06
165,목포,2023-02,356.88
165,목포,2023-03,520.23
165,목포,2023-04,520.96
165,목포,2023-05,564.48
165,목포,2023-06,594.75
165,목포,2023-07,455.93
165,목포,2023-08,626.09
165,목포,2023-09,479.19
165,목포,2023-10,468.97
165,목포,2023-11,285.25
165,목포,2023-12,210.27
165,목포,2024-01,276.61
165,목포,2024-02,256.29
165,목포,2024-03,457.33
165,목포,2024-04,501.6
165,목포,2024-05,724.54
165,목포,2024-06,583.78
165,목포,2024-07,519.78
165,목포,2024-08,648.68
165,목포,2024-09,502.43
165,목포,2024-10,359.89
165,목포,2024-11,300.49
165,목포,2024-12,267.62
165,목포,2025-01,308.42
165,목포,2025-02,349.37
165,목포,2025-03,473.24
165,목포,2025-04,630.14
165,목포,2025-05,571.12
165,목포,2025-06,627.78
165,목포,2025-07,687.7
165,목포,2025-08,609.5
165,목포,2025-09,422.04
165,목포,2025-10,382.34
165,목포,2025-11,340.93
165,목포,2025-12,283.86
168,여수,2016-09,3.79
168,여수,2016-10,250.48
168,여수,2016-11,237.92
168,여수,2016-12,205.38
168,여수,2017-01,241.5
168,여수,2017-02,305.33
168,여수,2017-03,399.35
168,여수,2017-04,456.81
168,여수,2017-05,553.15
168,여수,2017-06,503.68
168,여수,2017-07,434.69
168,여수,2017-08,479.52
168,여수,2017-09,373.06
168,여수,2017-10,303.81
168,여수,2017-11,286.46
168,여수,2017-12,224.85
168,여수,2018-01,228.47
168,여수,2018-02,267.2
168,여수,2018-03,367.69
168,여수,2018-04,453.7
168,여수,2018-05,512.09
168,여수,2018-06,534.21
168,여수,2018-07,620.46
168,여수,2018-08,539.31
168,여수,2018-09,365.72
168,여수,2018-10,408.18
168,여수,2018-11,268.6
168,여수,2018-12,224.65
168,여수,2019-01,263.9
168,여수,2019-02,326.19
168,여수,2019-03,478.86
168,여수,2019-04,463.83
168,여수,2019-05,649.3
168,여수,2019-06,560.5
168,여수,2019-07,482.44
168,여수,2019-08,510.1
168,여수,2019-09,365.05
168,여수,2019-10,387.71
168,여수,2019-11,289.84
168,여수,2019-12,229.61
168,여수,2020-01,219.95
168,여수,2020-02,328.98
168,여수,2020-03,492.31
168,여수,2020-04,596.79
168,여수,2020-05,528
168,여수,2020-06,546.54
168,여수,2020-07,351.24
168,여수,2020-08,499.55
168,여수,2020-09,404
168,여수,2020-10,425.21
168,여수,2020-11,284.23
168,여수,2020-12,244.6
168,여수,2021-01,283.73
168,여수,2021-02,316.67
168,여수,2021-03,477.99
168,여수,2021-04,581.71
168,여수,2021-05,588.36
168,여수,2021-06,585.52
168,여수,2021-07,552.23
168,여수,2021-08,449.49
168,여수,2021-09,321.26
168,여수,2021-10,399.2
168,여수,2021-11,333.76
168,여수,2021-12,315.91
168,여수,2022-01,367.34
168,여수,2022-02,435.37
168,여수,2022-03,487.09
168,여수,2022-04,606.55
168,여수,2022-05,755.52
168,여수,2022-06,542.17
168,여수,2022-07,610.48
168,여수,2022-08,521.76
168,여수,2022-09,462.82
168,여수,2022-10,496.18
168,여수,2022-11,336.28
168,여수,2022-12,304.51
168,여수,2023-01,348.21
168,여수,2023-02,369.92
168,여수,2023-03,514.17
168,여수,2023-04,521
168,여수,2023-05,554.98
168,여수,2023-06,585.98
168,여수,2023-07,426.65
168,여수,2023-08,607.82
168,여수,2023-09,475.82
168,여수,2023-10,472.82
168,여수,2023-11,350.79
168,여수,2023-12,281.54
168,여수,2024-01,320.5
168,여수,2024-02,285.87
168,여수,2024-03,497.12
168,여수,2024-04,486.56
168,여수,2024-05,722.77
168,여수,2024-06,581.78
168,여수,2024-07,523.86
168,여수,2024-08,704.43
168,여수,2024-09,522.19
168,여수,2024-10,401.52
168,여수,2024-11,321.17
168,여수,2024-12,327.78
168,여수,2025-01,350.54
168,여수,2025-02,410.33
168,여수,2025-03,487.65
168,여수,2025-04,595.42
168,여수,2025-05,568.12
168,여수,2025-06,601.61
168,여수,2025-07,732.04
168,여수,2025-08,624.99
168,여수,2025-09,456.6
168,여수,2025-10,383.82
168,여수,2025-11,366.72
168,여수,2025-12,308.59
169,흑산도,2016-01,186.3
169,흑산도,2016-02,306.14
169,흑산도,2016-03,526.37
169,흑산도,2016-04,519.41
169,흑산도,2016-05,622.93
169,흑산도,2016-06,514.96
169,흑산도,2016-07,535.41
169,흑산도,2016-08,699.98
169,흑산도,2016-09,433.63
169,흑산도,2016-10,299.74
169,흑산도,2016-11,246.49
169,흑산도,2016-12,211.97
169,흑산도,2017-01,239.28
169,흑산도,2017-02,342.05
169,흑산도,2017-03,524.32
169,흑산도,2017-04,591.9
169,흑산도,2017-05,668.84
169,흑산도,2017-06,604.92
169,흑산도,2017-07,433.73
169,흑산도,2017-08,584.5
169,흑산도,2017-09,507.84
169,흑산도,2017-10,389
169,흑산도,2017-11,307.84
169,흑산도,2017-12,213.45
169,흑산도,2018-01,225.85
169,흑산도,2018-02,325.94
169,흑산도,2018-03,446.76
169,흑산도,2018-04,528.68
169,흑산도,2018-05,503.81
169,흑산도,2018-06,508.25
169,흑산도,2018-07,471.37
169,흑산도,2018-08,417.94
169,흑산도,2018-09,379.74
169,흑산도,2018-10,427.57
169,흑산도,2018-11,303.49
169,흑산도,2018-12,181.62
169,흑산도,2019-01,262.8
169,흑산도,2019-02,313.96
169,흑산도,2019-03,528.58
169,흑산도,2019-04,514.9
169,흑산도,2019-05,709.94
169,흑산도,2019-06,648.45
169,흑산도,2019-07,457.53
169,흑산도,2019-08,578.28
169,흑산도,2019-09,397.8
169,흑산도,2019-10,426.17
169,흑산도,2019-11,267.5
169,흑산도,2019-12,205.68
169,흑산도,2020-01,202.27
169,흑산도,2020-02,292.63
169,흑산도,2020-03,382.5
169,흑산도,2020-04,543.17
169,흑산도,2020-05,559.3
169,흑산도,2020-06,475.94
169,흑산도,2020-07,454.26
169,흑산도,2020-08,442.17
169,흑산도,2020-09,294.51
169,흑산도,2020-10,417.29
169,흑산도,2020-11,209.18
169,흑산도,2020-12,205.38
169,흑산도,2021-01,194.1
169,흑산도,2021-02,286.84
169,흑산도,2021-03,517.44
169,흑산도,2021-04,601.92
169,흑산도,2021-05,661.54
169,흑산도,2021-06,615.48
169,흑산도,2021-07,574.89
169,흑산도,2021-08,528.17
169,흑산도,2021-09,344.47
169,흑산도,2021-10,395.08
169,흑산도,2021-11,295.9
169,흑산도,2021-12,219.11
169,흑산도,2022-01,252.91
169,흑산도,2022-02,335.78
169,흑산도,2022-03,455.39
169,흑산도,2022-04,606.59
169,흑산도,2022-05,708.93
169,흑산도,2022-06,480.09
169,흑산도,2022-07,507.45
169,흑산도,2022-08,453.66
169,흑산도,2022-09,389.63
169,흑산도,2022-10,397.76
169,흑산도,2022-11,286.25
169,흑산도,2022-12,209.91
169,흑산도,2023-01,253.92
169,흑산도,2023-02,349.36
169,흑산도,2023-03,523.56
169,흑산도,2023-04,555.96
169,흑산도,2023-05,559.36
169,흑산도,2023-06,528.75
169,흑산도,2023-07,367.26
169,흑산도,2023-08,526.59
169,흑산도,2023-09,341.53
169,흑산도,2023-10,430.76
169,흑산도,2023-11,232.82
169,흑산도,2023-12,178.75
169,흑산도,2024-01,239.06
169,흑산도,2024-02,258.76
169,흑산도,2024-03,467.25
169,흑산도,2024-04,545.37
169,흑산도,2024-05,716.08
169,흑산도,2024-06,591.6
169,흑산도,2024-07,470.47
169,흑산도,2024-08,712.84
169,흑산도,2024-09,551.38
169,흑산도,2024-10,346.82
169,흑산도,2024-11,287.94
169,흑산도,2024-12,230.14
169,흑산도,2025-01,270.7
169,흑산도,2025-02,326.67
169,흑산도,2025-03,482.34
169,흑산도,2025-04,601.55
169,흑산도,2025-05,581.16
169,흑산도,2025-06,553.35
169,흑산도,2025-07,684.34
169,흑산도,2025-08,594.03
169,흑산도,2025-09,409.55
169,흑산도,2025-10,373.84
169,흑산도,2025-11,331.8
169,흑산도,2025-12,230.71
170,완도,2022-12,.22
170,완도,2024-03,64.89
170,완도,2024-04,486.25
170,완도,2024-05,698.46
170,완도,2024-06,548.54
170,완도,2024-07,536.04
170,완도,2024-08,685.58
170,완도,2024-09,489.69
170,완도,2024-10,356.12
170,완도,2024-11,299.47
170,완도,2024-12,273.02
170,완도,2025-01,317.07
170,완도,2025-02,352.21
170,완도,2025-03,456.31
170,완도,2025-04,610.26
170,완도,2025-05,565.67
170,완도,2025-06,574.98
170,완도,2025-07,721.29
170,완도,2025-08,590.31
170,완도,2025-09,420.41
170,완도,2025-10,390.47
170,완도,2025-11,338.94
170,완도,2025-12,297.06
172,고창,2016-01,244.57
172,고창,2016-02,333.47
172,고창,2016-03,518.2
172,고창,2016-04,525.6
172,고창,2016-05,676.55
172,고창,2016-06,529.07
172,고창,2016-07,573.87
172,고창,2016-08,612.33
172,고창,2016-09,413.36
172,고창,2016-10,307.48
172,고창,2016-11,277.04
172,고창,2016-12,212.91
172,고창,2017-01,212.27
172,고창,2017-02,271.06
172,고창,2017-03,393.17
172,고창,2017-04,444.51
172,고창,2017-05,519.03
172,고창,2017-06,480.25
172,고창,2017-07,367.52
172,고창,2017-08,420.5
172,고창,2017-09,363.99
172,고창,2017-10,278.43
172,고창,2017-11,237.2
172,고창,2017-12,179.42
172,고창,2018-01,205.03
172,고창,2018-02,256.91
172,고창,2018-03,353.52
172,고창,2018-04,415.94
172,고창,2018-05,428.52
172,고창,2018-06,452.34
172,고창,2018-07,501.83
172,고창,2018-08,437.19
172,고창,2018-09,339.42
172,고창,2018-10,323.63
172,고창,2018-11,233.1
172,고창,2018-12,190.55
172,고창,2019-01,234.59
172,고창,2019-02,253.57
172,고창,2019-03,371.54
172,고창,2019-04,369.05
172,고창,2019-05,543.51
172,고창,2019-06,447.02
172,고창,2019-07,393.61
172,고창,2019-08,411.07
172,고창,2019-09,349.06
172,고창,2019-10,550.39
172,고창,2019-11,414.75
172,고창,2019-12,204
172,고창,2020-01,177.44
172,고창,2020-02,257.76
172,고창,2020-03,404.36
172,고창,2020-04,503.29
172,고창,2020-05,437.58
172,고창,2020-06,423.26
172,고창,2020-07,299.53
172,고창,2020-08,386.87
172,고창,2020-09,322.06
172,고창,2020-10,335.68
172,고창,2020-11,192.64
172,고창,2020-12,267.08
172,고창,2021-01,277.59
172,고창,2021-02,327.95
172,고창,2021-03,500.63
172,고창,2021-04,606.8
172,고창,2021-05,616.69
172,고창,2021-06,631.7
172,고창,2021-07,621.75
172,고창,2021-08,497.4
172,고창,2021-09,426.77
172,고창,2021-10,434.83
172,고창,2021-11,287.46
172,고창,2021-12,251.42
172,고창,2022-01,319.71
172,고창,2022-02,386.39
172,고창,2022-03,446.68
172,고창,2022-04,643.51
172,고창,2022-05,782.1
172,고창,2022-06,589.25
172,고창,2022-07,579.39
172,고창,2022-08,507.23
172,고창,2022-09,472.34
172,고창,2022-10,478.75
172,고창,2022-11,324.11
172,고창,2022-12,267.67
172,고창,2023-01,299.87
172,고창,2023-02,370.98
172,고창,2023-03,548.26
172,고창,2023-04,518.48
172,고창,2023-05,578.41
172,고창,2023-06,597.54
172,고창,2023-07,220.44
172,고창,2023-08,615.23
172,고창,2023-09,467.62
172,고창,2023-10,459.88
172,고창,2023-11,283.07
172,고창,2023-12,194.62
172,고창,2024-01,283.22
172,고창,2024-02,266.78
172,고창,2024-03,467.86
172,고창,2024-04,528.28
172,고창,2024-05,352.75
172,고창,2024-06,598.6
172,고창,2024-07,490.57
172,고창,2024-08,629.01
172,고창,2024-09,509.28
172,고창,2024-10,369.46
172,고창,2024-11,299.75
172,고창,2024-12,248.99
172,고창,2025-01,298.21
172,고창,2025-02,354.88
172,고창,2025-03,498.85
172,고창,2025-04,635.92
172,고창,2025-05,589.86
172,고창,2025-06,645.58
172,고창,2025-07,700.41
172,고창,2025-08,607.38
172,고창,2025-09,340.1
172,고창,2025-10,349.15
172,고창,2025-11,338.65
172,고창,2025-12,270.22
174,순천,2017-05,0
174,순천,2017-11,0
177,홍성,2016-01,247.18
177,홍성,2016-02,324.75
177,홍성,2016-03,520.01
177,홍성,2016-04,541.42
177,홍성,2016-05,687.25
177,홍성,2016-06,596.49
177,홍성,2016-07,502.82
177,홍성,2016-08,426.11
177,홍성,2016-09,412.97
177,홍성,2016-10,320.79
177,홍성,2016-11,264.92
177,홍성,2016-12,228.04
177,홍성,2017-01,250.77
177,홍성,2017-02,354.79
177,홍성,2017-03,519.5
177,홍성,2017-04,612.5
177,홍성,2017-05,710.74
177,홍성,2017-06,671.97
177,홍성,2017-07,425.01
177,홍성,2017-08,456.34
177,홍성,2017-09,503.02
177,홍성,2017-10,381.87
177,홍성,2017-11,289.31
177,홍성,2017-12,251.1
177,홍성,2018-01,281.51
177,홍성,2018-02,357.09
177,홍성,2018-03,458.23
177,홍성,2018-04,541.35
177,홍성,2018-05,588.34
177,홍성,2018-06,609.02
177,홍성,2018-07,653.91
177,홍성,2018-08,544.58
177,홍성,2018-09,471.25
177,홍성,2018-10,414.05
177,홍성,2018-11,265.01
177,홍성,2018-12,251.13
177,홍성,2019-01,294.8
177,홍성,2019-02,322.16
177,홍성,2019-03,476.18
177,홍성,2019-04,503.99
177,홍성,2019-05,732.42
177,홍성,2019-06,614.43
177,홍성,2019-07,502.5
177,홍성,2019-08,580.27
177,홍성,2019-09,369.16
177,홍성,2019-10,387.08
177,홍성,2019-11,275.93
177,홍성,2019-12,222.63
177,홍성,2020-01,246.57
177,홍성,2020-02,324.04
177,홍성,2020-03,528.2
177,홍성,2020-04,668.3
177,홍성,2020-05,592.68
177,홍성,2020-06,586.28
177,홍성,2020-07,418.27
177,홍성,2020-08,419.97
177,홍성,2020-09,446.43
177,홍성,2020-10,418.15
177,홍성,2020-11,264.39
177,홍성,2020-12,250.25
177,홍성,2021-01,265.28
177,홍성,2021-02,349.25
177,홍성,2021-03,459.99
177,홍성,2021-04,555.23
177,홍성,2021-05,560.09
177,홍성,2021-06,587.46
177,홍성,2021-07,616.54
177,홍성,2021-08,452
177,홍성,2021-09,433.57
177,홍성,2021-10,384.72
177,홍성,2021-11,265.38
177,홍성,2021-12,230.63
177,홍성,2022-01,306.13
177,홍성,2022-02,361.57
177,홍성,2022-03,419.95
177,홍성,2022-04,619.48
177,홍성,2022-05,778.65
177,홍성,2022-06,514.4
177,홍성,2022-07,559.15
177,홍성,2022-08,427.66
177,홍성,2022-09,469.67
177,홍성,2022-10,418.64
177,홍성,2022-11,283.25
177,홍성,2022-12,234.19
177,홍성,2023-01,281.58
177,홍성,2023-02,357.29
177,홍성,2023-03,509.14
177,홍성,2023-04,530.81
177,홍성,2023-05,584.76
177,홍성,2023-06,608.38
177,홍성,2023-07,476.8
177,홍성,2023-08,528.51
177,홍성,2023-09,415.28
177,홍성,2023-10,420.75
177,홍성,2023-11,262.7
177,홍성,2023-12,181.53
177,홍성,2024-01,248.98
177,홍성,2024-02,238.59
177,홍성,2024-03,459.36
177,홍성,2024-04,519.68
177,홍성,2024-05,663.35
177,홍성,2024-06,702.15
177,홍성,2024-07,461.43
177,홍성,2024-08,576.94
177,홍성,2024-09,451.91
177,홍성,2024-10,341.06
177,홍성,2024-11,278.25
177,홍성,2024-12,235.85
177,홍성,2025-01,284.71
177,홍성,2025-02,382.33
177,홍성,2025-03,493.15
177,홍성,2025-04,608.05
177,홍성,2025-05,570.24
177,홍성,2025-06,600.49
177,홍성,2025-07,652.23
177,홍성,2025-08,574.98
177,홍성,2025-09,380.58
177,홍성,2025-10,305.7
177,홍성,2025-11,321.73
177,홍성,2025-12,247.32
181,서청주,2023-05,673.4
181,서청주,2023-06,696.48
181,서청주,2023-07,531.62
181,서청주,2023-08,572.52
181,서청주,2023-09,471.28
181,서청주,2023-10,453.18
181,서청주,2023-11,294.61
181,서청주,2023-12,223
181,서청주,2024-01,260.59
181,서청주,2024-02,251.04
181,서청주,2024-03,477.89
181,서청주,2024-04,536.17
181,서청주,2024-05,714.54
181,서청주,2024-06,708.86
181,서청주,2024-07,496.45
181,서청주,2024-08,648.65
181,서청주,2024-09,447.35
181,서청주,2024-10,332.83
181,서청주,2024-11,298.11
181,서청주,2024-12,273.6
181,서청주,2025-01,288.76
181,서청주,2025-02,404.18
181,서청주,2025-03,490.75
181,서청주,2025-04,621.41
181,서청주,2025-05,586.3
181,서청주,2025-06,613.1
181,서청주,2025-07,664.83
181,서청주,2025-08,591.62
181,서청주,2025-09,388.34
181,서청주,2025-10,313.44
181,서청주,2025-11,340.66
181,서청주,2025-12,251.56
184,제주,2016-01,132.75
184,제주,2016-02,268.97
184,제주,2016-03,479.48
184,제주,2016-04,483.09
184,제주,2016-05,591.9
184,제주,2016-06,451.38
184,제주,2016-07,610.55
184,제주,2016-08,631.34
184,제주,2016-09,367.08
184,제주,2016-10,276.31
184,제주,2016-11,247.4
184,제주,2016-12,203.16
184,제주,2017-01,201.43
184,제주,2017-02,307.85
184,제주,2017-03,433.79
184,제주,2017-04,545.76
184,제주,2017-05,682.11
184,제주,2017-06,584.91
184,제주,2017-07,617.2
184,제주,2017-08,619.22
184,제주,2017-09,414.01
184,제주,2017-10,316.02
184,제주,2017-11,288.3
184,제주,2017-12,183.32
184,제주,2018-01,184.41
184,제주,2018-02,286.47
184,제주,2018-03,450.58
184,제주,2018-04,550.16
184,제주,2018-05,543.09
184,제주,2018-06,576.1
184,제주,2018-07,632.09
184,제주,2018-08,613.7
184,제주,2018-09,386.19
184,제주,2018-10,371.85
184,제주,2018-11,294.87
184,제주,2018-12,155.8
184,제주,2019-01,222.25
184,제주,2019-02,262.06
184,제주,2019-03,464.14
184,제주,2019-04,523.03
184,제주,2019-05,682.44
184,제주,2019-06,594.51
184,제주,2019-07,536.39
184,제주,2019-08,519.94
184,제주,2019-09,369.79
184,제주,2019-10,368.14
184,제주,2019-11,289.92
184,제주,2019-12,174.39
184,제주,2020-01,163.1
184,제주,2020-02,283.9
184,제주,2020-03,463.7
184,제주,2020-04,631.61
184,제주,2020-05,614.98
184,제주,2020-06,514.61
184,제주,2020-07,466.66
184,제주,2020-08,609.75
184,제주,2020-09,376.53
184,제주,2020-10,404.97
184,제주,2020-11,268.92
184,제주,2020-12,205.64
184,제주,2021-01,216.43
184,제주,2021-02,311.14
184,제주,2021-03,453.55
184,제주,2021-04,589.31
184,제주,2021-05,645.53
184,제주,2021-06,604.98
184,제주,2021-07,551.05
184,제주,2021-08,500.53
184,제주,2021-09,368.49
184,제주,2021-10,398.98
184,제주,2021-11,273.16
184,제주,2021-12,167
184,제주,2022-01,193.02
184,제주,2022-02,253.06
184,제주,2022-03,409.19
184,제주,2022-04,599.27
184,제주,2022-05,653.49
184,제주,2022-06,611.4
184,제주,2022-07,622.55
184,제주,2022-08,598.05
184,제주,2022-09,362.34
184,제주,2022-10,410.5
184,제주,2022-11,271.26
184,제주,2022-12,137.02
184,제주,2023-01,182.43
184,제주,2023-02,266.67
184,제주,2023-03,472.5
184,제주,2023-04,514.91
184,제주,2023-05,523.18
184,제주,2023-06,519.52
184,제주,2023-07,487.49
184,제주,2023-08,609.82
184,제주,2023-09,483.91
184,제주,2023-10,464.83
184,제주,2023-11,238.2
184,제주,2023-12,148.86
184,제주,2024-01,176.86
184,제주,2024-02,152.32
184,제주,2024-03,409.42
184,제주,2024-04,417.26
184,제주,2024-05,677.83
184,제주,2024-06,477.43
184,제주,2024-07,554.79
184,제주,2024-08,632.4
184,제주,2024-09,442.14
184,제주,2024-10,262.58
184,제주,2024-11,237.93
184,제주,2024-12,169.61
184,제주,2025-01,219.4
184,제주,2025-02,229.45
184,제주,2025-03,394.06
184,제주,2025-04,625.63
184,제주,2025-05,571.77
184,제주,2025-06,606.8
184,제주,2025-07,650.5
184,제주,2025-08,598.72
184,제주,2025-09,419.96
184,제주,2025-10,344.23
184,제주,2025-11,290.24
184,제주,2025-12,224.11
185,고산,2016-01,118.54
185,고산,2016-02,201.1
185,고산,2016-03,343.8
185,고산,2016-04,336.98
185,고산,2016-05,393.18
185,고산,2016-06,334.24
185,고산,2016-07,411.35
185,고산,2016-08,473.48
185,고산,2016-09,276.77
185,고산,2016-10,222.99
185,고산,2016-11,178.24
185,고산,2016-12,151.16
185,고산,2017-01,168.42
185,고산,2017-02,232.06
185,고산,2017-03,319.64
185,고산,2017-04,374.44
185,고산,2017-05,438.06
185,고산,2017-06,386.32
185,고산,2017-07,403.63
185,고산,2017-08,432
185,고산,2017-09,295.21
185,고산,2017-10,260.44
185,고산,2017-11,213.56
185,고산,2017-12,141.71
185,고산,2018-01,150.58
185,고산,2018-02,248.8
185,고산,2018-03,426.93
185,고산,2018-04,515.4
185,고산,2018-05,451.38
185,고산,2018-06,525.16
185,고산,2018-07,622.74
185,고산,2018-08,601.57
185,고산,2018-09,394.68
185,고산,2018-10,390.77
185,고산,2018-11,292.36
185,고산,2018-12,158.62
185,고산,2019-01,241.68
185,고산,2019-02,261.06
185,고산,2019-03,447.56
185,고산,2019-04,496.18
185,고산,2019-05,615.43
185,고산,2019-06,518.03
185,고산,2019-07,431.57
185,고산,2019-08,519.48
185,고산,2019-09,393.46
185,고산,2019-10,377.19
185,고산,2019-11,290.87
185,고산,2019-12,179.85
185,고산,2020-01,176.89
185,고산,2020-02,297.91
185,고산,2020-03,446.79
185,고산,2020-04,597.68
185,고산,2020-05,527.07
185,고산,2020-06,439.79
185,고산,2020-07,410.76
185,고산,2020-08,549.59
185,고산,2020-09,385.26
185,고산,2020-10,412.32
185,고산,2020-11,271.98
185,고산,2020-12,209.24
185,고산,2021-01,220.48
185,고산,2021-02,308.67
185,고산,2021-03,450.07
185,고산,2021-04,549.04
185,고산,2021-05,582.95
185,고산,2021-06,569.36
185,고산,2021-07,473.77
185,고산,2021-08,463.62
185,고산,2021-09,381.35
185,고산,2021-10,419.4
185,고산,2021-11,284.91
185,고산,2021-12,211.74
185,고산,2022-01,250.23
185,고산,2022-02,290.4
185,고산,2022-03,407.52
185,고산,2022-04,585.05
185,고산,2022-05,650.8
185,고산,2022-06,515.65
185,고산,2022-07,593.74
185,고산,2022-08,540.24
185,고산,2022-09,410.16
185,고산,2022-10,434.36
185,고산,2022-11,300.41
185,고산,2022-12,179.74
185,고산,2023-01,215.08
185,고산,2023-02,304.15
185,고산,2023-03,486.89
185,고산,2023-04,519.64
185,고산,2023-05,524.98
185,고산,2023-06,511.63
185,고산,2023-07,440.79
185,고산,2023-08,654.25
185,고산,2023-09,524.14
185,고산,2023-10,495.63
185,고산,2023-11,291.43
185,고산,2023-12,187.1
185,고산,2024-01,238.77
185,고산,2024-02,214.79
185,고산,2024-03,424.11
185,고산,2024-04,461.09
185,고산,2024-05,689.65
185,고산,2024-06,472.42
185,고산,2024-07,509.22
185,고산,2024-08,686.08
185,고산,2024-09,557.96
185,고산,2024-10,391.45
185,고산,2024-11,314.95
185,고산,2024-12,234.03
185,고산,2025-01,280
185,고산,2025-02,304.65
185,고산,2025-03,450.63
185,고산,2025-04,614.35
185,고산,2025-05,567.7
185,고산,2025-06,520.74
185,고산,2025-07,701.1
185,고산,2025-08,625.15
185,고산,2025-09,503.32
185,고산,2025-10,436.71
185,고산,2025-11,331.19
185,고산,2025-12,269.9
188,성산,2019-01,0
189,서귀포,2024-04,354.18
189,서귀포,2024-05,668.73
189,서귀포,2024-06,448.08
189,서귀포,2024-07,408.43
189,서귀포,2024-08,630.73
189,서귀포,2024-09,525.36
189,서귀포,2024-10,377.22
189,서귀포,2024-11,300.94
189,서귀포,2024-12,306.98
189,서귀포,2025-01,332.51
189,서귀포,2025-02,387.1
189,서귀포,2025-03,442.46
189,서귀포,2025-04,592.32
189,서귀포,2025-05,541.9
189,서귀포,2025-06,498.61
189,서귀포,2025-07,678.75
189,서귀포,2025-08,593.86
189,서귀포,2025-09,519.45
189,서귀포,2025-10,456.11
189,서귀포,2025-11,363.29
189,서귀포,2025-12,303.59
192,진주,2016-01,211.18
192,진주,2016-02,255.74
192,진주,2016-03,314.74
192,진주,2016-04,335.06
192,진주,2016-05,435.54
192,진주,2016-06,340.18
192,진주,2016-07,360.54
192,진주,2016-08,407.34
192,진주,2016-09,222.22
192,진주,2016-10,204.38
192,진주,2016-11,194.59
192,진주,2016-12,183.97
192,진주,2017-01,226.89
192,진주,2017-02,271.29
192,진주,2017-03,338.61
192,진주,2017-04,383.93
192,진주,2017-05,453.36
192,진주,2017-06,436.31
192,진주,2017-07,403.22
192,진주,2017-08,432.23
192,진주,2017-09,384.81
192,진주,2017-10,298.72
192,진주,2017-11,279.12
192,진주,2017-12,229.46
192,진주,2018-01,193.01
192,진주,2018-02,227.1
192,진주,2018-03,284.68
192,진주,2018-04,513.19
192,진주,2018-05,555.12
192,진주,2018-06,558.28
192,진주,2018-07,616.53
192,진주,2018-08,530.28
192,진주,2018-09,376.48
192,진주,2018-10,414.24
192,진주,2018-11,293.14
192,진주,2018-12,281.93
192,진주,2019-01,343.57
192,진주,2019-02,369.72
192,진주,2019-03,530.71
192,진주,2019-04,505.62
192,진주,2019-05,714.82
192,진주,2019-06,628.71
192,진주,2019-07,522.9
192,진주,2019-08,548.18
192,진주,2019-09,380.07
192,진주,2019-10,418.61
192,진주,2019-11,332.68
192,진주,2019-12,283.57
192,진주,2020-01,278.89
192,진주,2020-02,381.28
192,진주,2020-03,546.23
192,진주,2020-04,649.95
192,진주,2020-05,624.39
192,진주,2020-06,639.16
192,진주,2020-07,373.42
192,진주,2020-08,531.29
192,진주,2020-09,417.63
192,진주,2020-10,465.88
192,진주,2020-11,326.85
192,진주,2020-12,312.07
192,진주,2021-01,319.13
192,진주,2021-02,373.17
192,진주,2021-03,507.27
192,진주,2021-04,614.28
192,진주,2021-05,615.57
192,진주,2021-06,585.49
192,진주,2021-07,590.16
192,진주,2021-08,525.26
192,진주,2021-09,369.68
192,진주,2021-10,448.81
192,진주,2021-11,329.3
192,진주,2021-12,315.56
192,진주,2022-01,353.67
192,진주,2022-02,426.8
192,진주,2022-03,478.65
192,진주,2022-04,611.62
192,진주,2022-05,759.86
192,진주,2022-06,574.17
192,진주,2022-07,595.94
192,진주,2022-08,481.28
192,진주,2022-09,443.05
192,진주,2022-10,432.77
192,진주,2022-11,335.4
192,진주,2022-12,318.29
192,진주,2023-01,336.61
192,진주,2023-02,372.12
192,진주,2023-03,510.97
192,진주,2023-04,517.99
192,진주,2023-05,543.91
192,진주,2023-06,626.31
192,진주,2023-07,448.71
192,진주,2023-08,594.4
192,진주,2023-09,438
192,진주,2023-10,468.83
192,진주,2023-11,347.9
192,진주,2023-12,281.75
192,진주,2024-01,330.49
192,진주,2024-02,282.13
192,진주,2024-03,485.03
192,진주,2024-04,477.73
192,진주,2024-05,729.93
192,진주,2024-06,615.51
192,진주,2024-07,510.84
192,진주,2024-08,672.37
192,진주,2024-09,480.33
192,진주,2024-10,373.15
192,진주,2024-11,308.49
192,진주,2024-12,323.57
192,진주,2025-01,344.51
192,진주,2025-02,418.9
192,진주,2025-03,486.49
192,진주,2025-04,597.84
192,진주,2025-05,558.59
192,진주,2025-06,618.23
192,진주,2025-07,695.17
192,진주,2025-08,597.8
192,진주,2025-09,397.5
192,진주,2025-10,339.36
192,진주,2025-11,365.55
192,진주,2025-12,306.53
202,양평,2023-01,0
203,이천,2023-01,0
216,태백,2022-08,0
216,태백,2024-04,177.75
216,태백,2024-05,677.7
216,태백,2024-06,638.7
216,태백,2024-07,474.72
216,태백,2024-08,528.49
216,태백,2024-09,375.41
216,태백,2024-10,180.8
216,태백,2024-11,7.07
216,태백,2024-12,2.06
216,태백,2025-01,225.74
216,태백,2025-02,401.35
216,태백,2025-03,424.11
216,태백,2025-04,579.96
216,태백,2025-05,596.4
216,태백,2025-06,613.17
216,태백,2025-07,637.9
216,태백,2025-08,516.57
216,태백,2025-09,331.93
216,태백,2025-10,225.76
216,태백,2025-11,318.23
216,태백,2025-12,245.41
217,정선군,2016-07,0
217,정선군,2016-09,0
217,정선군,2025-04,25.88
217,정선군,2025-05,26.06
221,제천,2022-10,0
235,보령,2024-03,390.15
235,보령,2024-04,515.68
235,보령,2024-05,685.37
235,보령,2024-06,675.72
235,보령,2024-07,469.05
235,보령,2024-08,632.79
235,보령,2024-09,491.71
235,보령,2024-10,337.34
235,보령,2024-11,295.69
235,보령,2024-12,226.64
235,보령,2025-01,260.39
235,보령,2025-02,346.8
235,보령,2025-03,498.52
235,보령,2025-04,603.04
235,보령,2025-05,552.44
235,보령,2025-06,579.25
235,보령,2025-07,674.89
235,보령,2025-08,606.89
235,보령,2025-09,382.56
235,보령,2025-10,331.3
235,보령,2025-11,317.86
235,보령,2025-12,244.96
239,세종,2021-10,0
239,세종,2023-01,130.23
239,세종,2023-02,322.51
239,세종,2023-03,515.47
239,세종,2023-04,513.1
239,세종,2023-05,604.17
239,세종,2023-06,636.17
239,세종,2023-07,471.66
239,세종,2023-08,539.98
239,세종,2023-09,426.61
239,세종,2023-10,428.58
239,세종,2023-11,285.43
239,세종,2023-12,213.06
239,세종,2024-01,257.04
239,세종,2024-02,250.71
239,세종,2024-03,462.96
239,세종,2024-04,521.87
239,세종,2024-05,704.92
239,세종,2024-06,679.58
239,세종,2024-07,474.31
239,세종,2024-08,607.05
239,세종,2024-09,480.1
239,세종,2024-10,314.76
239,세종,2024-11,292.93
239,세종,2024-12,261.6
239,세종,2025-01,268.35
239,세종,2025-02,382.71
239,세종,2025-03,470.26
239,세종,2025-04,593.77
239,세종,2025-05,573.93
239,세종,2025-06,605.46
239,세종,2025-07,650.48
239,세종,2025-08,577.93
239,세종,2025-09,375.79
239,세종,2025-10,304.5
239,세종,2025-11,329.45
239,세종,2025-12,244.03
245,정읍,2022-07,0
245,정읍,2022-08,.6
245,정읍,2024-03,59.9
245,정읍,2024-04,504.98
245,정읍,2024-05,659.81
245,정읍,2024-06,583.89
245,정읍,2024-07,414.88
245,정읍,2024-08,608.55
245,정읍,2024-09,489.44
245,정읍,2024-10,346.38
245,정읍,2024-11,293.48
245,정읍,2024-12,239.75
245,정읍,2025-01,286.24
245,정읍,2025-02,334.74
245,정읍,2025-03,484.5
245,정읍,2025-04,600.44
245,정읍,2025-05,549.9
245,정읍,2025-06,580.9
245,정읍,2025-07,597.06
245,정읍,2025-08,562.44
245,정읍,2025-09,391.36
245,정읍,2025-10,334.92
245,정읍,2025-11,329.94
245,정읍,2025-12,259.48
248,장수,2022-08,.4
251,고창군,2016-01,233.11
251,고창군,2016-02,338.27
251,고창군,2016-03,528.9
251,고창군,2016-04,526.49
251,고창군,2016-05,687.7
251,고창군,2016-06,534.54
251,고창군,2016-07,563.11
251,고창군,2016-08,600.27
251,고창군,2016-09,414.57
251,고창군,2016-10,302.32
251,고창군,2016-11,283.02
251,고창군,2016-12,224.34
251,고창군,2017-01,282.47
251,고창군,2017-02,361.61
251,고창군,2017-03,527.61
251,고창군,2017-04,595.63
251,고창군,2017-05,692.82
251,고창군,2017-06,637.83
251,고창군,2017-07,496.68
251,고창군,2017-08,556.25
251,고창군,2017-09,470.28
251,고창군,2017-10,226.69
251,고창군,2017-11,153.48
251,고창군,2017-12,116.69
251,고창군,2018-01,133.33
251,고창군,2018-02,151.91
251,고창군,2018-03,230.71
251,고창군,2018-04,271.16
251,고창군,2018-05,336.47
251,고창군,2018-06,360.35
251,고창군,2018-07,393.1
251,고창군,2018-08,341.94
251,고창군,2018-09,274.33
251,고창군,2018-10,249.84
251,고창군,2018-11,182.72
251,고창군,2018-12,149.16
251,고창군,2019-01,176.7
251,고창군,2019-02,207.53
251,고창군,2019-03,493.59
251,고창군,2019-04,481.11
251,고창군,2019-05,726.71
251,고창군,2019-06,588.59
251,고창군,2019-07,501.05
251,고창군,2019-08,553.48
251,고창군,2019-09,394.67
251,고창군,2019-10,408.85
251,고창군,2019-11,298.66
251,고창군,2019-12,242.89
251,고창군,2020-01,234.27
251,고창군,2020-02,341.61
251,고창군,2020-03,532.9
251,고창군,2020-04,661.58
251,고창군,2020-05,593.33
251,고창군,2020-06,557
251,고창군,2020-07,375.87
251,고창군,2020-08,512.86
251,고창군,2020-09,431.01
251,고창군,2020-10,439.98
251,고창군,2020-11,281.38
251,고창군,2020-12,259.65
251,고창군,2021-01,270.04
251,고창군,2021-02,338.08
251,고창군,2021-03,491.81
251,고창군,2021-04,592.86
251,고창군,2021-05,606.39
251,고창군,2021-06,600.1
251,고창군,2021-07,582.01
251,고창군,2021-08,509.17
251,고창군,2021-09,407.46
251,고창군,2021-10,417.8
251,고창군,2021-11,275.91
251,고창군,2021-12,248.68
251,고창군,2022-01,310.28
251,고창군,2022-02,371.31
251,고창군,2022-03,427.1
251,고창군,2022-04,629.67
251,고창군,2022-05,738.2
251,고창군,2022-06,566.92
251,고창군,2022-07,536.88
251,고창군,2022-08,462.24
251,고창군,2022-09,470.93
251,고창군,2022-10,462.34
251,고창군,2022-11,313.51
251,고창군,2022-12,248.36
251,고창군,2023-01,291
251,고창군,2023-02,359.74
251,고창군,2023-03,530.1
251,고창군,2023-04,503.68
251,고창군,2023-05,568.5
251,고창군,2023-06,598.48
251,고창군,2023-07,445.21
251,고창군,2023-08,572.68
251,고창군,2023-09,442.93
251,고창군,2023-10,451.45
251,고창군,2023-11,278.41
251,고창군,2023-12,191.38
251,고창군,2024-01,260.32
251,고창군,2024-02,257.1
251,고창군,2024-03,449.58
251,고창군,2024-04,509.4
251,고창군,2024-05,707.34
251,고창군,2024-06,607.9
251,고창군,2024-07,489.46
251,고창군,2024-08,618.06
251,고창군,2024-09,476.4
251,고창군,2024-10,355.14
251,고창군,2024-11,290.91
251,고창군,2024-12,244.65
251,고창군,2025-01,286.41
251,고창군,2025-02,333.6
251,고창군,2025-03,480.88
251,고창군,2025-04,614.22
251,고창군,2025-05,565.53
251,고창군,2025-06,619.99
251,고창군,2025-07,664.71
251,고창군,2025-08,579.92
251,고창군,2025-09,407.71
251,고창군,2025-10,336.24
251,고창군,2025-11,323.63
251,고창군,2025-12,259.89
252,영광군,2016-01,240.01
252,영광군,2016-02,332.5
252,영광군,2016-03,465.23
252,영광군,2016-04,504.62
252,영광군,2016-05,674.49
252,영광군,2016-06,559.2
252,영광군,2016-07,594.35
252,영광군,2016-08,619.97
252,영광군,2016-09,438.25
252,영광군,2016-10,326.59
252,영광군,2016-11,283.79
252,영광군,2016-12,227.41
252,영광군,2017-01,283.58
252,영광군,2017-02,358.05
252,영광군,2017-03,537.42
252,영광군,2017-04,608.08
252,영광군,2017-05,720.95
252,영광군,2017-06,663.68
252,영광군,2017-07,484.84
252,영광군,2017-08,569.69
252,영광군,2017-09,480.87
252,영광군,2017-10,387.06
252,영광군,2017-11,310.59
252,영광군,2017-12,224.72
252,영광군,2018-01,268.64
252,영광군,2018-02,312.77
252,영광군,2018-03,482.26
252,영광군,2018-04,582.69
252,영광군,2018-05,568.03
252,영광군,2018-06,621.39
252,영광군,2018-07,694.71
252,영광군,2018-08,593
252,영광군,2018-09,469.91
252,영광군,2018-10,450.55
252,영광군,2018-11,319.99
252,영광군,2018-12,227.47
252,영광군,2019-01,307.11
252,영광군,2019-02,345.15
252,영광군,2019-03,496.2
252,영광군,2019-04,488.01
252,영광군,2019-05,713.06
252,영광군,2019-06,597.34
252,영광군,2019-07,521.75
252,영광군,2019-08,526.82
252,영광군,2019-09,403.1
252,영광군,2019-10,413.07
252,영광군,2019-11,300.97
252,영광군,2019-12,226.54
252,영광군,2020-01,219.35
252,영광군,2020-02,324.13
252,영광군,2020-03,544.9
252,영광군,2020-04,671.4
252,영광군,2020-05,604.47
252,영광군,2020-06,569.49
252,영광군,2020-07,405.16
252,영광군,2020-08,529.35
252,영광군,2020-09,438.54
252,영광군,2020-10,447.16
252,영광군,2020-11,276.38
252,영광군,2020-12,239.62
252,영광군,2021-01,236.76
252,영광군,2021-02,325.74
252,영광군,2021-03,484.71
252,영광군,2021-04,591.49
252,영광군,2021-05,611.44
252,영광군,2021-06,638.32
252,영광군,2021-07,593.36
252,영광군,2021-08,527.01
252,영광군,2021-09,419.23
252,영광군,2021-10,424.83
252,영광군,2021-11,289.2
252,영광군,2021-12,224.85
252,영광군,2022-01,305.86
252,영광군,2022-02,365.24
252,영광군,2022-03,436.59
252,영광군,2022-04,640.84
252,영광군,2022-05,774.28
252,영광군,2022-06,575.35
252,영광군,2022-07,576.64
252,영광군,2022-08,511.58
252,영광군,2022-09,473.67
252,영광군,2022-10,467.28
252,영광군,2022-11,313.26
252,영광군,2022-12,239.64
252,영광군,2023-01,281.7
252,영광군,2023-02,354.52
252,영광군,2023-03,532.47
252,영광군,2023-04,508.42
252,영광군,2023-05,573.59
252,영광군,2023-06,578.82
252,영광군,2023-07,457.25
252,영광군,2023-08,616.01
252,영광군,2023-09,475.86
252,영광군,2023-10,448.51
252,영광군,2023-11,264.78
252,영광군,2023-12,162.98
252,영광군,2024-01,261.24
252,영광군,2024-02,248.22
252,영광군,2024-03,448.54
252,영광군,2024-04,503.34
252,영광군,2024-05,695
252,영광군,2024-06,583.2
252,영광군,2024-07,508.75
252,영광군,2024-08,617.4
252,영광군,2024-09,509.59
252,영광군,2024-10,357.56
252,영광군,2024-11,289.52
252,영광군,2024-12,231.49
252,영광군,2025-01,275.62
252,영광군,2025-02,320.51
252,영광군,2025-03,484.9
252,영광군,2025-04,626.32
252,영광군,2025-05,577.06
252,영광군,2025-06,638.04
252,영광군,2025-07,681.14
252,영광군,2025-08,602.68
252,영광군,2025-09,398.52
252,영광군,2025-10,354.87
252,영광군,2025-11,325.41
252,영광군,2025-12,241.24
253,김해시,2016-01,217.86
253,김해시,2016-02,292.08
253,김해시,2016-03,342.06
253,김해시,2016-04,385.77
253,김해시,2016-05,481.7
253,김해시,2016-06,378.37
253,김해시,2016-07,397.03
253,김해시,2016-08,445.26
253,김해시,2016-09,229.25
253,김해시,2016-10,234.15
253,김해시,2016-11,210.22
253,김해시,2016-12,209.26
253,김해시,2017-01,251.65
253,김해시,2017-02,303.59
253,김해시,2017-03,367.44
253,김해시,2017-04,442.48
253,김해시,2017-05,518.73
253,김해시,2017-06,496.42
253,김해시,2017-07,347.81
253,김해시,2017-08,383.94
253,김해시,2017-09,328.47
253,김해시,2017-10,244.06
253,김해시,2017-11,246.49
253,김해시,2017-12,220.49
253,김해시,2018-01,236.4
253,김해시,2018-02,274.57
253,김해시,2018-03,349.76
253,김해시,2018-04,477.61
253,김해시,2018-05,469.78
253,김해시,2018-06,473.64
253,김해시,2018-07,541.8
253,김해시,2018-08,462
253,김해시,2018-09,295.84
253,김해시,2018-10,330.27
253,김해시,2018-11,263.82
253,김해시,2018-12,229.79
253,김해시,2019-01,286.27
253,김해시,2019-02,298.88
253,김해시,2019-03,447.29
253,김해시,2019-04,421.53
253,김해시,2019-05,599.09
253,김해시,2019-06,502.36
253,김해시,2019-07,384.13
253,김해시,2019-08,452.18
253,김해시,2019-09,329.33
253,김해시,2019-10,331.06
253,김해시,2019-11,265.15
253,김해시,2019-12,240.14
253,김해시,2020-01,221.01
253,김해시,2020-02,345.92
253,김해시,2020-03,527.17
253,김해시,2020-04,633.67
253,김해시,2020-05,616.94
253,김해시,2020-06,632.67
253,김해시,2020-07,370.79
253,김해시,2020-08,526.6
253,김해시,2020-09,409.33
253,김해시,2020-10,434.75
253,김해시,2020-11,317.81
253,김해시,2020-12,312.47
253,김해시,2021-01,318.7
253,김해시,2021-02,370.4
253,김해시,2021-03,500.73
253,김해시,2021-04,608.97
253,김해시,2021-05,578.08
253,김해시,2021-06,580.45
253,김해시,2021-07,571.93
253,김해시,2021-08,460.1
253,김해시,2021-09,350.11
253,김해시,2021-10,393.95
253,김해시,2021-11,317.98
253,김해시,2021-12,317.33
253,김해시,2022-01,353.8
253,김해시,2022-02,432.85
253,김해시,2022-03,468.92
253,김해시,2022-04,584.29
253,김해시,2022-05,770.14
253,김해시,2022-06,530.38
253,김해시,2022-07,572.46
253,김해시,2022-08,472.34
253,김해시,2022-09,426.46
253,김해시,2022-10,433.42
253,김해시,2022-11,335.38
253,김해시,2022-12,308.54
253,김해시,2023-01,338.22
253,김해시,2023-02,358.96
253,김해시,2023-03,498.64
253,김해시,2023-04,544.37
253,김해시,2023-05,553.01
253,김해시,2023-06,576.78
253,김해시,2023-07,470.92
253,김해시,2023-08,536.35
253,김해시,2023-09,411.75
253,김해시,2023-10,450.08
253,김해시,2023-11,334.77
253,김해시,2023-12,270.49
253,김해시,2024-01,314.89
253,김해시,2024-02,261.94
253,김해시,2024-03,468.45
253,김해시,2024-04,486.81
253,김해시,2024-05,702.43
253,김해시,2024-06,561.95
253,김해시,2024-07,488.66
253,김해시,2024-08,620.25
253,김해시,2024-09,448.68
253,김해시,2024-10,326.77
253,김해시,2024-11,266.87
253,김해시,2024-12,293.19
253,김해시,2025-01,314.98
253,김해시,2025-02,389.21
253,김해시,2025-03,428.32
253,김해시,2025-04,551.86
253,김해시,2025-05,554.27
253,김해시,2025-06,529.74
253,김해시,2025-07,640.96
253,김해시,2025-08,558.35
253,김해시,2025-09,390.21
253,김해시,2025-10,304.94
253,김해시,2025-11,342.52
253,김해시,2025-12,257.57
254,순창군,2016-01,283.79
254,순창군,2016-02,408.42
254,순창군,2016-03,581.2
254,순창군,2016-04,604.68
254,순창군,2016-05,740.21
254,순창군,2016-06,578.1
254,순창군,2016-07,650.96
254,순창군,2016-08,724.95
254,순창군,2016-09,447.81
254,순창군,2016-10,358.09
254,순창군,2016-11,329.63
254,순창군,2016-12,292.44
254,순창군,2017-01,342.63
254,순창군,2017-02,427.21
254,순창군,2017-03,568.8
254,순창군,2017-04,660.22
254,순창군,2017-05,758.28
254,순창군,2017-06,715.7
254,순창군,2017-07,551.12
254,순창군,2017-08,614.39
254,순창군,2017-09,555.44
254,순창군,2017-10,432.7
254,순창군,2017-11,375.95
254,순창군,2017-12,266.1
254,순창군,2018-01,200.47
254,순창군,2018-02,226.86
254,순창군,2018-03,320.25
254,순창군,2018-04,358.97
254,순창군,2018-05,390.48
254,순창군,2018-06,415.62
254,순창군,2018-07,432.87
254,순창군,2018-08,384.86
254,순창군,2018-09,296.28
254,순창군,2018-10,281.45
254,순창군,2018-11,206.09
254,순창군,2018-12,192.39
254,순창군,2019-01,224.94
254,순창군,2019-02,234
254,순창군,2019-03,334.52
254,순창군,2019-04,331.56
254,순창군,2019-05,467.77
254,순창군,2019-06,400.55
254,순창군,2019-07,339.97
254,순창군,2019-08,358.98
254,순창군,2019-09,261.32
254,순창군,2019-10,274.36
254,순창군,2019-11,219.99
254,순창군,2019-12,229.31
254,순창군,2020-01,229.92
254,순창군,2020-02,348.87
254,순창군,2020-03,536.81
254,순창군,2020-04,657.01
254,순창군,2020-05,619.5
254,순창군,2020-06,583.74
254,순창군,2020-07,363.01
254,순창군,2020-08,481.41
254,순창군,2020-09,417.91
254,순창군,2020-10,450.82
254,순창군,2020-11,294.73
254,순창군,2020-12,287.25
254,순창군,2021-01,293.78
254,순창군,2021-02,345.08
254,순창군,2021-03,494.89
254,순창군,2021-04,608
254,순창군,2021-05,598.1
254,순창군,2021-06,630.03
254,순창군,2021-07,586.3
254,순창군,2021-08,496.12
254,순창군,2021-09,422.61
254,순창군,2021-10,428.75
254,순창군,2021-11,284.66
254,순창군,2021-12,270.08
254,순창군,2022-01,321.76
254,순창군,2022-02,396.07
254,순창군,2022-03,442.3
254,순창군,2022-04,619.01
254,순창군,2022-05,774.66
254,순창군,2022-06,566.79
254,순창군,2022-07,546.04
254,순창군,2022-08,460.11
254,순창군,2022-09,467.73
254,순창군,2022-10,473
254,순창군,2022-11,319.75
254,순창군,2022-12,252.61
254,순창군,2023-01,316.74
254,순창군,2023-02,367.42
254,순창군,2023-03,533.91
254,순창군,2023-04,512.27
254,순창군,2023-05,570.34
254,순창군,2023-06,613.42
254,순창군,2023-07,454.9
254,순창군,2023-08,599.42
254,순창군,2023-09,443.9
254,순창군,2023-10,448.65
254,순창군,2023-11,301.8
254,순창군,2023-12,224.51
254,순창군,2024-01,284.2
254,순창군,2024-02,263.2
254,순창군,2024-03,470.63
254,순창군,2024-04,515.2
254,순창군,2024-05,728.5
254,순창군,2024-06,603
254,순창군,2024-07,483.26
254,순창군,2024-08,654.37
254,순창군,2024-09,513.02
254,순창군,2024-10,366.19
254,순창군,2024-11,293.83
254,순창군,2024-12,258.49
254,순창군,2025-01,305.43
254,순창군,2025-02,368.57
254,순창군,2025-03,503.24
254,순창군,2025-04,630.05
254,순창군,2025-05,587.22
254,순창군,2025-06,635.21
254,순창군,2025-07,666.84
254,순창군,2025-08,572.17
254,순창군,2025-09,401.84
254,순창군,2025-10,363.68
254,순창군,2025-11,340.03
254,순창군,2025-12,282.65
255,북창원,2016-01,258.38
255,북창원,2016-02,350.92
255,북창원,2016-03,423.28
255,북창원,2016-04,465.53
255,북창원,2016-05,587.56
255,북창원,2016-06,443.02
255,북창원,2016-07,467.82
255,북창원,2016-08,513.41
255,북창원,2016-09,286.5
255,북창원,2016-10,283.91
255,북창원,2016-11,255.21
255,북창원,2016-12,245.23
255,북창원,2017-01,294.4
255,북창원,2017-02,358.13
255,북창원,2017-03,449.25
255,북창원,2017-04,524.06
255,북창원,2017-05,619.57
255,북창원,2017-06,591.02
255,북창원,2017-07,473.54
255,북창원,2017-08,473.69
255,북창원,2017-09,419.39
255,북창원,2017-10,312.65
255,북창원,2017-11,306.83
255,북창원,2017-12,263.3
255,북창원,2018-01,216.63
255,북창원,2018-02,255.52
255,북창원,2018-03,323.27
255,북창원,2018-04,370.17
255,북창원,2018-05,379.22
255,북창원,2018-06,374.06
255,북창원,2018-07,378.11
255,북창원,2018-08,322.23
255,북창원,2018-09,211.8
255,북창원,2018-10,261.43
255,북창원,2018-11,190.8
255,북창원,2018-12,167
255,북창원,2019-01,201.42
255,북창원,2019-02,226.37
255,북창원,2019-03,320.31
255,북창원,2019-04,312.53
255,북창원,2019-05,434.56
255,북창원,2019-06,358.68
255,북창원,2019-07,290.87
255,북창원,2019-08,310.71
255,북창원,2019-09,222.58
255,북창원,2019-10,316.85
255,북창원,2019-11,271.74
255,북창원,2019-12,239.46
255,북창원,2020-01,227.32
255,북창원,2020-02,334.22
255,북창원,2020-03,525.79
255,북창원,2020-04,646.59
255,북창원,2020-05,614.27
255,북창원,2020-06,633.28
255,북창원,2020-07,356.27
255,북창원,2020-08,539.3
255,북창원,2020-09,404.07
255,북창원,2020-10,454.37
255,북창원,2020-11,315.26
255,북창원,2020-12,305.68
255,북창원,2021-01,314.82
255,북창원,2021-02,368.87
255,북창원,2021-03,507.71
255,북창원,2021-04,604.51
255,북창원,2021-05,593.58
255,북창원,2021-06,569.4
255,북창원,2021-07,567.38
255,북창원,2021-08,478.25
255,북창원,2021-09,351.84
255,북창원,2021-10,425.91
255,북창원,2021-11,325.27
255,북창원,2021-12,312.84
255,북창원,2022-01,349.37
255,북창원,2022-02,434.2
255,북창원,2022-03,467.75
255,북창원,2022-04,595.3
255,북창원,2022-05,749.1
255,북창원,2022-06,545.93
255,북창원,2022-07,541.36
255,북창원,2022-08,458.39
255,북창원,2022-09,413.17
255,북창원,2022-10,437.18
255,북창원,2022-11,315.49
255,북창원,2022-12,292.12
255,북창원,2023-01,323.18
255,북창원,2023-02,349.64
255,북창원,2023-03,483.26
255,북창원,2023-04,522.21
255,북창원,2023-05,510.2
255,북창원,2023-06,578.91
255,북창원,2023-07,425.24
255,북창원,2023-08,505.79
255,북창원,2023-09,402.88
255,북창원,2023-10,436.12
255,북창원,2023-11,324.89
255,북창원,2023-12,259.59
255,북창원,2024-01,306.99
255,북창원,2024-02,265.31
255,북창원,2024-03,461.62
255,북창원,2024-04,475.91
255,북창원,2024-05,703.11
255,북창원,2024-06,540.5
255,북창원,2024-07,508.75
255,북창원,2024-08,584.22
255,북창원,2024-09,434.73
255,북창원,2024-10,351.45
255,북창원,2024-11,283.41
255,북창원,2024-12,301.99
255,북창원,2025-01,322.22
255,북창원,2025-02,403.12
255,북창원,2025-03,470.99
255,북창원,2025-04,553.69
255,북창원,2025-05,548.17
255,북창원,2025-06,544.45
255,북창원,2025-07,612.36
255,북창원,2025-08,491.41
255,북창원,2025-09,347.79
255,북창원,2025-10,289.52
255,북창원,2025-11,312.47
255,북창원,2025-12,254.68
257,양산시,2016-01,202.93
257,양산시,2016-02,266.1
257,양산시,2016-03,328.98
257,양산시,2016-04,368.46
257,양산시,2016-05,453.08
257,양산시,2016-06,356.83
257,양산시,2016-07,381.54
257,양산시,2016-08,423
257,양산시,2016-09,234.78
257,양산시,2016-10,216.06
257,양산시,2016-11,198.08
257,양산시,2016-12,193.76
257,양산시,2017-01,233.51
257,양산시,2017-02,287.21
257,양산시,2017-03,348.43
257,양산시,2017-04,405.18
257,양산시,2017-05,473.51
257,양산시,2017-06,458.81
257,양산시,2017-07,378.7
257,양산시,2017-08,368.58
257,양산시,2017-09,324.27
257,양산시,2017-10,253.54
257,양산시,2017-11,246.61
257,양산시,2017-12,208.66
257,양산시,2018-01,176.1
257,양산시,2018-02,201.55
257,양산시,2018-03,251.44
257,양산시,2018-04,288.76
257,양산시,2018-05,291.43
257,양산시,2018-06,285.57
257,양산시,2018-07,260.05
257,양산시,2018-08,220.88
257,양산시,2018-09,206.95
257,양산시,2018-10,259.48
257,양산시,2018-11,194.34
257,양산시,2018-12,168.36
257,양산시,2019-01,206.07
257,양산시,2019-02,224
257,양산시,2019-03,308.24
257,양산시,2019-04,299.76
257,양산시,2019-05,402.2
257,양산시,2019-06,339.22
257,양산시,2019-07,277.4
257,양산시,2019-08,307.71
257,양산시,2019-09,229.18
257,양산시,2019-10,244.66
257,양산시,2019-11,195.02
257,양산시,2019-12,174.1
257,양산시,2020-01,161.71
257,양산시,2020-02,306.41
257,양산시,2020-03,517.21
257,양산시,2020-04,617.97
257,양산시,2020-05,598.23
257,양산시,2020-06,608.82
257,양산시,2020-07,390.49
257,양산시,2020-08,549.95
257,양산시,2020-09,416.03
257,양산시,2020-10,443.86
257,양산시,2020-11,319.49
257,양산시,2020-12,316.59
257,양산시,2021-01,324.29
257,양산시,2021-02,377.22
257,양산시,2021-03,497.1
257,양산시,2021-04,613.74
257,양산시,2021-05,579.96
257,양산시,2021-06,598.26
257,양산시,2021-07,583.68
257,양산시,2021-08,478.64
257,양산시,2021-09,366.93
257,양산시,2021-10,433.23
257,양산시,2021-11,325.83
257,양산시,2021-12,302.45
257,양산시,2022-01,350.8
257,양산시,2022-02,396.33
257,양산시,2022-03,470.56
257,양산시,2022-04,596
257,양산시,2022-05,774.95
257,양산시,2022-06,533.62
257,양산시,2022-07,532.18
257,양산시,2022-08,478.66
257,양산시,2022-09,415.82
257,양산시,2022-10,425.96
257,양산시,2022-11,324.7
257,양산시,2022-12,293.51
257,양산시,2023-01,330
257,양산시,2023-02,347.5
257,양산시,2023-03,490.66
257,양산시,2023-04,521
257,양산시,2023-05,543.61
257,양산시,2023-06,560.18
257,양산시,2023-07,477.48
257,양산시,2023-08,551.22
257,양산시,2023-09,409.67
257,양산시,2023-10,449.88
257,양산시,2023-11,335.28
257,양산시,2023-12,266.74
257,양산시,2024-01,315.34
257,양산시,2024-02,263.68
257,양산시,2024-03,473.23
257,양산시,2024-04,501.9
257,양산시,2024-05,705.42
257,양산시,2024-06,578.6
257,양산시,2024-07,496.53
257,양산시,2024-08,620.82
257,양산시,2024-09,452.31
257,양산시,2024-10,345.43
257,양산시,2024-11,288.01
257,양산시,2024-12,321.16
257,양산시,2025-01,326.9
257,양산시,2025-02,407.36
257,양산시,2025-03,466.16
257,양산시,2025-04,589.89
257,양산시,2025-05,582.66
257,양산시,2025-06,592.47
257,양산시,2025-07,628.03
257,양산시,2025-08,566.01
257,양산시,2025-09,349.26
257,양산시,2025-10,309.76
257,양산시,2025-11,306.62
257,양산시,2025-12,240.13
258,보성군,2016-01,243.75
258,보성군,2016-02,289.13
258,보성군,2016-03,411.85
258,보성군,2016-04,418.49
258,보성군,2016-05,511.1
258,보성군,2016-06,401.49
258,보성군,2016-07,467.52
258,보성군,2016-08,548.5
258,보성군,2016-09,314.47
258,보성군,2016-10,248.97
258,보성군,2016-11,243.96
258,보성군,2016-12,209.67
258,보성군,2017-01,259.14
258,보성군,2017-02,304.29
258,보성군,2017-03,399.47
258,보성군,2017-04,468.84
258,보성군,2017-05,533.25
258,보성군,2017-06,478.52
258,보성군,2017-07,397.21
258,보성군,2017-08,450.01
258,보성군,2017-09,376.9
258,보성군,2017-10,301.03
258,보성군,2017-11,264.95
258,보성군,2017-12,231.77
258,보성군,2018-01,204.67
258,보성군,2018-02,215.13
258,보성군,2018-03,289.97
258,보성군,2018-04,335.3
258,보성군,2018-05,348.86
258,보성군,2018-06,367.3
258,보성군,2018-07,411.65
258,보성군,2018-08,352.16
258,보성군,2018-09,242.57
258,보성군,2018-10,280.42
258,보성군,2018-11,197.58
258,보성군,2018-12,166.41
258,보성군,2019-01,208.09
258,보성군,2019-02,219.67
258,보성군,2019-03,314.27
258,보성군,2019-04,302.79
258,보성군,2019-05,438.79
258,보성군,2019-06,375.57
258,보성군,2019-07,312.54
258,보성군,2019-08,347.14
258,보성군,2019-09,240.89
258,보성군,2019-10,266.57
258,보성군,2019-11,218
258,보성군,2019-12,272.84
258,보성군,2020-01,262.29
258,보성군,2020-02,346.34
258,보성군,2020-03,550.42
258,보성군,2020-04,658.32
258,보성군,2020-05,589.08
258,보성군,2020-06,592.48
258,보성군,2020-07,378.37
258,보성군,2020-08,535.31
258,보성군,2020-09,449.82
258,보성군,2020-10,483.36
258,보성군,2020-11,326.26
258,보성군,2020-12,306.79
258,보성군,2021-01,319.27
258,보성군,2021-02,360.69
258,보성군,2021-03,516.11
258,보성군,2021-04,620.76
258,보성군,2021-05,627.4
258,보성군,2021-06,652.94
258,보성군,2021-07,615.47
258,보성군,2021-08,570.41
258,보성군,2021-09,390.88
258,보성군,2021-10,468.73
258,보성군,2021-11,325.57
258,보성군,2021-12,308.62
258,보성군,2022-01,351.55
258,보성군,2022-02,423.48
258,보성군,2022-03,480.58
258,보성군,2022-04,603.79
258,보성군,2022-05,759.25
258,보성군,2022-06,570.95
258,보성군,2022-07,602
258,보성군,2022-08,500.17
258,보성군,2022-09,465.26
258,보성군,2022-10,506.96
258,보성군,2022-11,338.1
258,보성군,2022-12,304.32
258,보성군,2023-01,337.12
258,보성군,2023-02,377.29
258,보성군,2023-03,523.37
258,보성군,2023-04,514.33
258,보성군,2023-05,557.78
258,보성군,2023-06,611.25
258,보성군,2023-07,400.28
258,보성군,2023-08,638.83
258,보성군,2023-09,474.77
258,보성군,2023-10,488.87
258,보성군,2023-11,340.13
258,보성군,2023-12,265.33
258,보성군,2024-01,311.39
258,보성군,2024-02,275.18
258,보성군,2024-03,482.73
258,보성군,2024-04,494.12
258,보성군,2024-05,726.84
258,보성군,2024-06,594.65
258,보성군,2024-07,502.58
258,보성군,2024-08,703.18
258,보성군,2024-09,532.67
258,보성군,2024-10,391.6
258,보성군,2024-11,315.32
258,보성군,2024-12,309.72
258,보성군,2025-01,340.7
258,보성군,2025-02,404.91
258,보성군,2025-03,494.77
258,보성군,2025-04,637.46
258,보성군,2025-05,576.9
258,보성군,2025-06,618.64
258,보성군,2025-07,730.04
258,보성군,2025-08,627.57
258,보성군,2025-09,447.55
258,보성군,2025-10,391.08
258,보성군,2025-11,364.96
258,보성군,2025-12,312.72
259,강진군,2016-01,287.62
259,강진군,2016-02,316.38
259,강진군,2016-03,403.36
259,강진군,2016-04,363.75
259,강진군,2016-05,400.77
259,강진군,2016-06,266.56
259,강진군,2016-07,330.69
259,강진군,2016-08,358.28
259,강진군,2016-09,226.91
259,강진군,2016-10,229.9
259,강진군,2016-11,301.99
259,강진군,2016-12,305.05
259,강진군,2017-01,404.58
259,강진군,2017-02,440.64
259,강진군,2017-03,531.25
259,강진군,2017-04,543.66
259,강진군,2017-05,559.6
259,강진군,2017-06,457.48
259,강진군,2017-07,232.35
259,강진군,2017-08,309.82
259,강진군,2017-09,267.14
259,강진군,2017-10,266.33
259,강진군,2017-11,298.7
259,강진군,2017-12,318.29
259,강진군,2018-01,316.94
259,강진군,2018-02,309.94
259,강진군,2018-03,354.66
259,강진군,2018-04,355.33
259,강진군,2018-05,330.28
259,강진군,2018-06,303.49
259,강진군,2018-07,300.93
259,강진군,2018-08,236.73
259,강진군,2018-09,265.87
259,강진군,2018-10,360.28
259,강진군,2018-11,328.15
259,강진군,2018-12,395.91
259,강진군,2019-01,478.12
259,강진군,2019-02,460.95
259,강진군,2019-03,576.19
259,강진군,2019-04,480.62
259,강진군,2019-05,597.71
259,강진군,2019-06,452.44
259,강진군,2019-07,331.92
259,강진군,2019-08,404.13
259,강진군,2019-09,305.76
259,강진군,2019-10,373.16
259,강진군,2019-11,328.6
259,강진군,2019-12,375.17
259,강진군,2020-01,268.2
259,강진군,2020-02,298.44
259,강진군,2020-03,481.02
259,강진군,2020-04,590.13
259,강진군,2020-05,523.72
259,강진군,2020-06,553.8
259,강진군,2020-07,338.02
259,강진군,2020-08,527.54
259,강진군,2020-09,421.79
259,강진군,2020-10,443.39
259,강진군,2020-11,269.22
259,강진군,2020-12,250.3
259,강진군,2021-01,265.34
259,강진군,2021-02,321.05
259,강진군,2021-03,505.9
259,강진군,2021-04,605.24
259,강진군,2021-05,609.33
259,강진군,2021-06,629.65
259,강진군,2021-07,572.25
259,강진군,2021-08,523.99
259,강진군,2021-09,380.61
259,강진군,2021-10,448.25
259,강진군,2021-11,302.59
259,강진군,2021-12,272.3
259,강진군,2022-01,331.91
259,강진군,2022-02,392.57
259,강진군,2022-03,454.73
259,강진군,2022-04,610.22
259,강진군,2022-05,737.42
259,강진군,2022-06,531.26
259,강진군,2022-07,571.05
259,강진군,2022-08,473.95
259,강진군,2022-09,467.4
259,강진군,2022-10,484.52
259,강진군,2022-11,323.22
259,강진군,2022-12,264.38
259,강진군,2023-01,310.87
259,강진군,2023-02,363.65
259,강진군,2023-03,510.34
259,강진군,2023-04,511.44
259,강진군,2023-05,557.62
259,강진군,2023-06,551.08
259,강진군,2023-07,398.67
259,강진군,2023-08,609.14
259,강진군,2023-09,457.76
259,강진군,2023-10,426.24
259,강진군,2023-11,271.75
259,강진군,2023-12,211.8
259,강진군,2024-01,282.71
259,강진군,2024-02,254.08
259,강진군,2024-03,462.78
259,강진군,2024-04,498.41
259,강진군,2024-05,686.83
259,강진군,2024-06,568.19
259,강진군,2024-07,456.83
259,강진군,2024-08,654.58
259,강진군,2024-09,501.33
259,강진군,2024-10,324.19
259,강진군,2024-11,291.36
259,강진군,2024-12,279.42
259,강진군,2025-01,311.5
259,강진군,2025-02,342.15
259,강진군,2025-03,394.16
259,강진군,2025-04,547.53
259,강진군,2025-05,553.68
259,강진군,2025-06,608.41
259,강진군,2025-07,664.61
259,강진군,2025-08,571.95
259,강진군,2025-09,408.6
259,강진군,2025-10,367.34
259,강진군,2025-11,334.62
259,강진군,2025-12,280.33
261,해남,2024-05,0
262,고흥,2017-02,0
262,고흥,2024-03,57.95
262,고흥,2024-04,468.44
262,고흥,2024-05,702.17
262,고흥,2024-06,540.1
262,고흥,2024-07,494.59
262,고흥,2024-08,647.29
262,고흥,2024-09,453.14
262,고흥,2024-10,361.65
262,고흥,2024-11,295.4
262,고흥,2024-12,304.4
262,고흥,2025-01,324.96
262,고흥,2025-02,386.25
262,고흥,2025-03,441.21
262,고흥,2025-04,603.89
262,고흥,2025-05,557.06
262,고흥,2025-06,589.78
262,고흥,2025-07,695.96
262,고흥,2025-08,561.4
262,고흥,2025-09,408.26
262,고흥,2025-10,394.2
262,고흥,2025-11,362.69
262,고흥,2025-12,309.24
263,의령군,2016-01,291.29
263,의령군,2016-02,388.44
263,의령군,2016-03,478.19
263,의령군,2016-04,519.88
263,의령군,2016-05,651.64
263,의령군,2016-06,513.19
263,의령군,2016-07,550.76
263,의령군,2016-08,623.67
263,의령군,2016-09,332.42
263,의령군,2016-10,301.17
263,의령군,2016-11,289.53
263,의령군,2016-12,279.07
263,의령군,2017-01,316.31
263,의령군,2017-02,408.01
263,의령군,2017-03,512.07
263,의령군,2017-04,569.26
263,의령군,2017-05,679.47
263,의령군,2017-06,650.38
263,의령군,2017-07,524.58
263,의령군,2017-08,564.48
263,의령군,2017-09,480.57
263,의령군,2017-10,356.26
263,의령군,2017-11,352.35
263,의령군,2017-12,314.79
263,의령군,2018-01,324.33
263,의령군,2018-02,383.32
263,의령군,2018-03,472.43
263,의령군,2018-04,556.74
263,의령군,2018-05,566.81
263,의령군,2018-06,568.25
263,의령군,2018-07,621.56
263,의령군,2018-08,556.97
263,의령군,2018-09,393.06
263,의령군,2018-10,430.06
263,의령군,2018-11,299.02
263,의령군,2018-12,271.54
263,의령군,2019-01,344.28
263,의령군,2019-02,377.49
263,의령군,2019-03,527.09
263,의령군,2019-04,486.76
263,의령군,2019-05,702.41
263,의령군,2019-06,586.03
263,의령군,2019-07,519.54
263,의령군,2019-08,545.13
263,의령군,2019-09,385.21
263,의령군,2019-10,398.79
263,의령군,2019-11,313.41
263,의령군,2019-12,281.6
263,의령군,2020-01,268.41
263,의령군,2020-02,381.69
263,의령군,2020-03,536.73
263,의령군,2020-04,641.52
263,의령군,2020-05,591.37
263,의령군,2020-06,619.47
263,의령군,2020-07,376.2
263,의령군,2020-08,487.45
263,의령군,2020-09,377.09
263,의령군,2020-10,464.89
263,의령군,2020-11,316.97
263,의령군,2020-12,308.93
263,의령군,2021-01,324.12
263,의령군,2021-02,384.57
263,의령군,2021-03,496.53
263,의령군,2021-04,603.75
263,의령군,2021-05,609.45
263,의령군,2021-06,591.49
263,의령군,2021-07,595.07
263,의령군,2021-08,513
263,의령군,2021-09,369.25
263,의령군,2021-10,432.93
263,의령군,2021-11,323.96
263,의령군,2021-12,316.55
263,의령군,2022-01,351
263,의령군,2022-02,428.21
263,의령군,2022-03,488.51
263,의령군,2022-04,592.55
263,의령군,2022-05,760.45
263,의령군,2022-06,576.01
263,의령군,2022-07,571.05
263,의령군,2022-08,475.17
263,의령군,2022-09,450.55
263,의령군,2022-10,482
263,의령군,2022-11,334.48
263,의령군,2022-12,323.73
263,의령군,2023-01,348.31
263,의령군,2023-02,375.09
263,의령군,2023-03,461.84
263,의령군,2023-04,544.3
263,의령군,2023-05,558.19
263,의령군,2023-06,611.07
263,의령군,2023-07,470.31
263,의령군,2023-08,584.34
263,의령군,2023-09,436.89
263,의령군,2023-10,453.24
263,의령군,2023-11,356.74
263,의령군,2023-12,294.41
263,의령군,2024-01,328.07
263,의령군,2024-02,289.52
263,의령군,2024-03,490.73
263,의령군,2024-04,499.24
263,의령군,2024-05,720.43
263,의령군,2024-06,622.66
263,의령군,2024-07,519.88
263,의령군,2024-08,682.67
263,의령군,2024-09,471.48
263,의령군,2024-10,364.83
263,의령군,2024-11,313.83
263,의령군,2024-12,333.19
263,의령군,2025-01,350.39
263,의령군,2025-02,417.44
263,의령군,2025-03,504.33
263,의령군,2025-04,618.15
263,의령군,2025-05,578.3
263,의령군,2025-06,615
263,의령군,2025-07,648.92
263,의령군,2025-08,612.92
263,의령군,2025-09,407.75
263,의령군,2025-10,335.46
263,의령군,2025-11,367.14
263,의령군,2025-12,304.91
264,함양군,2016-01,262.09
264,함양군,2016-02,362.19
264,함양군,2016-03,508.39
264,함양군,2016-04,530.34
264,함양군,2016-05,674.8
264,함양군,2016-06,536.32
264,함양군,2016-07,576.29
264,함양군,2016-08,622.51
264,함양군,2016-09,346.68
264,함양군,2016-10,301.16
264,함양군,2016-11,280.54
264,함양군,2016-12,255.08
264,함양군,2017-01,319.87
264,함양군,2017-02,394.57
264,함양군,2017-03,510.09
264,함양군,2017-04,582.67
264,함양군,2017-05,686.55
264,함양군,2017-06,672.21
264,함양군,2017-07,502.11
264,함양군,2017-08,554.06
264,함양군,2017-09,487.48
264,함양군,2017-10,305.63
264,함양군,2017-11,304.05
264,함양군,2017-12,278.17
264,함양군,2018-01,309.96
264,함양군,2018-02,368.97
264,함양군,2018-03,495.47
264,함양군,2018-04,563.61
264,함양군,2018-05,596.7
264,함양군,2018-06,615.61
264,함양군,2018-07,624.47
264,함양군,2018-08,534.35
264,함양군,2018-09,416.23
264,함양군,2018-10,424.57
264,함양군,2018-11,296.65
264,함양군,2018-12,271.95
264,함양군,2019-01,335.21
264,함양군,2019-02,363.58
264,함양군,2019-03,509.88
264,함양군,2019-04,514.25
264,함양군,2019-05,737.24
264,함양군,2019-06,636.28
264,함양군,2019-07,510.1
264,함양군,2019-08,547.46
264,함양군,2019-09,380.02
264,함양군,2019-10,394.16
264,함양군,2019-11,305.28
264,함양군,2019-12,271.98
264,함양군,2020-01,256.52
264,함양군,2020-02,367.18
264,함양군,2020-03,542.04
264,함양군,2020-04,569
264,함양군,2020-05,652.88
264,함양군,2020-06,614.47
264,함양군,2020-07,384.7
264,함양군,2020-08,492.95
264,함양군,2020-09,400.2
264,함양군,2020-10,455.61
264,함양군,2020-11,305.48
264,함양군,2020-12,292.6
264,함양군,2021-01,303.4
264,함양군,2021-02,375.05
264,함양군,2021-03,491
264,함양군,2021-04,621.35
264,함양군,2021-05,583.18
264,함양군,2021-06,617.09
264,함양군,2021-07,614.17
264,함양군,2021-08,481.07
264,함양군,2021-09,388.56
264,함양군,2021-10,429.24
264,함양군,2021-11,308.03
264,함양군,2021-12,291.41
264,함양군,2022-01,351.07
264,함양군,2022-02,413.45
264,함양군,2022-03,478.64
264,함양군,2022-04,629.06
264,함양군,2022-05,791.13
264,함양군,2022-06,605.72
264,함양군,2022-07,591.16
264,함양군,2022-08,487.96
264,함양군,2022-09,420.31
264,함양군,2022-10,458.1
264,함양군,2022-11,324.47
264,함양군,2022-12,289.47
264,함양군,2023-01,323.81
264,함양군,2023-02,369.47
264,함양군,2023-03,524.68
264,함양군,2023-04,539.29
264,함양군,2023-05,586.51
264,함양군,2023-06,640.64
264,함양군,2023-07,487.03
264,함양군,2023-08,568.06
264,함양군,2023-09,446.45
264,함양군,2023-10,460.65
264,함양군,2023-11,324.32
264,함양군,2023-12,240.8
264,함양군,2024-01,301.52
264,함양군,2024-02,268.96
264,함양군,2024-03,482.48
264,함양군,2024-04,509.7
264,함양군,2024-05,746.14
264,함양군,2024-06,658.84
264,함양군,2024-07,526.28
264,함양군,2024-08,657.58
264,함양군,2024-09,454.94
264,함양군,2024-10,349.97
264,함양군,2024-11,293.47
264,함양군,2024-12,283.47
264,함양군,2025-01,300.61
264,함양군,2025-02,407.58
264,함양군,2025-03,501.25
264,함양군,2025-04,649.9
264,함양군,2025-05,561.14
264,함양군,2025-06,640.38
264,함양군,2025-07,725.03
264,함양군,2025-08,602.32
264,함양군,2025-09,408.18
264,함양군,2025-10,346.26
264,함양군,2025-11,354.8
264,함양군,2025-12,294.89
266,광양시,2016-01,299.13
266,광양시,2016-02,386.51
266,광양시,2016-03,495.72
266,광양시,2016-04,517.67
266,광양시,2016-05,636.78
266,광양시,2016-06,494.93
266,광양시,2016-07,581.51
266,광양시,2016-08,657.71
266,광양시,2016-09,378.75
266,광양시,2016-10,322.12
266,광양시,2016-11,310.83
266,광양시,2016-12,279.62
266,광양시,2017-01,338.48
266,광양시,2017-02,407.28
266,광양시,2017-03,527.55
266,광양시,2017-04,586.56
266,광양시,2017-05,700.19
266,광양시,2017-06,642.35
266,광양시,2017-07,486.58
266,광양시,2017-08,574.35
266,광양시,2017-09,492.08
266,광양시,2017-10,389.95
266,광양시,2017-11,345.37
266,광양시,2017-12,316.9
266,광양시,2018-01,331.05
266,광양시,2018-02,377.06
266,광양시,2018-03,480.35
266,광양시,2018-04,554.68
266,광양시,2018-05,559.53
266,광양시,2018-06,596.52
266,광양시,2018-07,587.48
266,광양시,2018-08,539.23
266,광양시,2018-09,414.12
266,광양시,2018-10,449.91
266,광양시,2018-11,320.23
266,광양시,2018-12,279.59
266,광양시,2019-01,344.24
266,광양시,2019-02,369.04
266,광양시,2019-03,528.51
266,광양시,2019-04,506.21
266,광양시,2019-05,717.1
266,광양시,2019-06,586.69
266,광양시,2019-07,513.43
266,광양시,2019-08,545.99
266,광양시,2019-09,385.18
266,광양시,2019-10,436.89
266,광양시,2019-11,324.82
266,광양시,2019-12,275.84
266,광양시,2020-01,267.52
266,광양시,2020-02,375.07
266,광양시,2020-03,547.53
266,광양시,2020-04,656.56
266,광양시,2020-05,587.97
266,광양시,2020-06,598.4
266,광양시,2020-07,368.92
266,광양시,2020-08,497.87
266,광양시,2020-09,437.55
266,광양시,2020-10,466.94
266,광양시,2020-11,321.33
266,광양시,2020-12,303.33
266,광양시,2021-01,303.26
266,광양시,2021-02,370.29
266,광양시,2021-03,507.47
266,광양시,2021-04,611.07
266,광양시,2021-05,587.35
266,광양시,2021-06,615.35
266,광양시,2021-07,593.27
266,광양시,2021-08,517.49
266,광양시,2021-09,371.44
266,광양시,2021-10,447.02
266,광양시,2021-11,312.61
266,광양시,2021-12,306.88
266,광양시,2022-01,347.27
266,광양시,2022-02,411.23
266,광양시,2022-03,478.87
266,광양시,2022-04,596.36
266,광양시,2022-05,733.43
266,광양시,2022-06,549.91
266,광양시,2022-07,571.64
266,광양시,2022-08,465.01
266,광양시,2022-09,464.46
266,광양시,2022-10,480.41
266,광양시,2022-11,326.89
266,광양시,2022-12,286.58
266,광양시,2023-01,332.96
266,광양시,2023-02,369.39
266,광양시,2023-03,506.06
266,광양시,2023-04,508.2
266,광양시,2023-05,550.94
266,광양시,2023-06,596.78
266,광양시,2023-07,391.03
266,광양시,2023-08,565.79
266,광양시,2023-09,448.8
266,광양시,2023-10,456.77
266,광양시,2023-11,335.06
266,광양시,2023-12,270.62
266,광양시,2024-01,315.8
266,광양시,2024-02,280.83
266,광양시,2024-03,483.98
266,광양시,2024-04,477.01
266,광양시,2024-05,712.45
266,광양시,2024-06,571.45
266,광양시,2024-07,489.13
266,광양시,2024-08,648.08
266,광양시,2024-09,499.18
266,광양시,2024-10,367.43
266,광양시,2024-11,291.14
266,광양시,2024-12,297.74
266,광양시,2025-01,327.06
266,광양시,2025-02,399.31
266,광양시,2025-03,481.68
266,광양시,2025-04,597.01
266,광양시,2025-05,550.57
266,광양시,2025-06,600.15
266,광양시,2025-07,701.34
266,광양시,2025-08,599.91
266,광양시,2025-09,417.11
266,광양시,2025-10,350.89
266,광양시,2025-11,344.65
266,광양시,2025-12,290.12
272,영주,2016-08,1
273,문경,2017-08,0
276,청송군,2016-01,269.05
276,청송군,2016-02,344
276,청송군,2016-03,468.14
276,청송군,2016-04,527.74
276,청송군,2016-05,686.16
276,청송군,2016-06,571.05
276,청송군,2016-07,528.95
276,청송군,2016-08,595.73
276,청송군,2016-09,310.18
276,청송군,2016-10,274.38
276,청송군,2016-11,249.8
276,청송군,2016-12,234.08
276,청송군,2017-01,300.47
276,청송군,2017-02,386.06
276,청송군,2017-03,473.94
276,청송군,2017-04,573.31
276,청송군,2017-05,665.08
276,청송군,2017-06,652.55
276,청송군,2017-07,478.9
276,청송군,2017-08,488.41
276,청송군,2017-09,451.62
276,청송군,2017-10,294.2
276,청송군,2017-11,302.47
276,청송군,2017-12,275.97
276,청송군,2018-01,299.46
276,청송군,2018-02,362.2
276,청송군,2018-03,473.31
276,청송군,2018-04,565.62
276,청송군,2018-05,586.6
276,청송군,2018-06,561.25
276,청송군,2018-07,619.03
276,청송군,2018-08,534.08
276,청송군,2018-09,367.1
276,청송군,2018-10,398.14
276,청송군,2018-11,280.45
276,청송군,2018-12,267.29
276,청송군,2019-01,320.71
276,청송군,2019-02,352.55
276,청송군,2019-03,474.63
276,청송군,2019-04,510.8
276,청송군,2019-05,717.97
276,청송군,2019-06,606.1
276,청송군,2019-07,492.74
276,청송군,2019-08,572.43
276,청송군,2019-09,374.38
276,청송군,2019-10,360.61
276,청송군,2019-11,285.96
276,청송군,2019-12,267.34
276,청송군,2020-01,241.96
276,청송군,2020-02,348.21
276,청송군,2020-03,514.07
276,청송군,2020-04,613.66
276,청송군,2020-05,633.12
276,청송군,2020-06,634.15
276,청송군,2020-07,407.68
276,청송군,2020-08,486.84
276,청송군,2020-09,395.94
276,청송군,2020-10,420.68
276,청송군,2020-11,283.3
276,청송군,2020-12,296.73
276,청송군,2021-01,313.73
276,청송군,2021-02,388.07
276,청송군,2021-03,476.58
276,청송군,2021-04,607.72
276,청송군,2021-05,573.12
276,청송군,2021-06,576.7
276,청송군,2021-07,638.35
276,청송군,2021-08,436.38
276,청송군,2021-09,379.36
276,청송군,2021-10,373.81
276,청송군,2021-11,301.99
276,청송군,2021-12,308.05
276,청송군,2022-01,342.98
276,청송군,2022-02,412.74
276,청송군,2022-03,457.59
276,청송군,2022-04,623.45
276,청송군,2022-05,772.11
276,청송군,2022-06,606.65
276,청송군,2022-07,559.08
276,청송군,2022-08,447.95
276,청송군,2022-09,449.03
276,청송군,2022-10,406.78
276,청송군,2022-11,321.25
276,청송군,2022-12,286.45
276,청송군,2023-01,322.85
276,청송군,2023-02,363.57
276,청송군,2023-03,531.48
276,청송군,2023-04,570.64
276,청송군,2023-05,618.9
276,청송군,2023-06,667.86
276,청송군,2023-07,546.01
276,청송군,2023-08,567.75
276,청송군,2023-09,429.95
276,청송군,2023-10,445.1
276,청송군,2023-11,342.42
276,청송군,2023-12,271.77
276,청송군,2024-01,303.46
276,청송군,2024-02,253.83
276,청송군,2024-03,481.84
276,청송군,2024-04,534.23
276,청송군,2024-05,744.17
276,청송군,2024-06,662.37
276,청송군,2024-07,519.63
276,청송군,2024-08,630.1
276,청송군,2024-09,451.39
276,청송군,2024-10,324.75
276,청송군,2024-11,279.68
276,청송군,2024-12,315.85
276,청송군,2025-01,310.68
276,청송군,2025-02,435.89
276,청송군,2025-03,448.11
276,청송군,2025-04,645.12
276,청송군,2025-05,623.66
276,청송군,2025-06,619.5
276,청송군,2025-07,673.94
276,청송군,2025-08,606.04
276,청송군,2025-09,383.38
276,청송군,2025-10,266.73
276,청송군,2025-11,350.41
276,청송군,2025-12,284.42
279,구미,2022-10,0
279,구미,2025-02,237.59
279,구미,2025-03,451.77
279,구미,2025-04,604.69
279,구미,2025-05,581.31
279,구미,2025-06,592.98
279,구미,2025-07,680.08
279,구미,2025-08,564.24
279,구미,2025-09,357.1
279,구미,2025-10,270.18
279,구미,2025-11,330.94
279,구미,2025-12,252.93
283,경주시,2016-01,242.58
283,경주시,2016-02,340.29
283,경주시,2016-03,401.25
283,경주시,2016-04,464.14
283,경주시,2016-05,644.57
283,경주시,2016-06,489.07
283,경주시,2016-07,508.64
283,경주시,2016-08,575.67
283,경주시,2016-09,283.83
283,경주시,2016-10,283.3
283,경주시,2016-11,254.24
283,경주시,2016-12,246.8
283,경주시,2017-01,303.7
283,경주시,2017-02,378.91
283,경주시,2017-03,471.77
283,경주시,2017-04,551.16
283,경주시,2017-05,646.25
283,경주시,2017-06,638.15
283,경주시,2017-07,467.85
283,경주시,2017-08,315.75
283,경주시,2017-10,76.76
283,경주시,2017-11,194.23
283,경주시,2017-12,179.2
283,경주시,2018-01,190.59
283,경주시,2018-02,215.01
283,경주시,2018-03,273.81
283,경주시,2018-04,529.12
283,경주시,2018-05,520.32
283,경주시,2018-06,510.33
283,경주시,2018-07,572.11
283,경주시,2018-08,505.17
283,경주시,2018-09,331.02
283,경주시,2018-10,396.81
283,경주시,2018-11,283.41
283,경주시,2018-12,256.42
283,경주시,2019-01,318.34
283,경주시,2019-02,335.74
283,경주시,2019-03,484.72
283,경주시,2019-04,485.91
283,경주시,2019-05,629.39
283,경주시,2019-06,499.4
283,경주시,2019-07,419.58
283,경주시,2019-08,453.13
283,경주시,2019-09,314.99
283,경주시,2019-10,308.6
283,경주시,2019-11,249.13
283,경주시,2019-12,240.45
283,경주시,2020-01,211.09
283,경주시,2020-02,319.73
283,경주시,2020-03,443.15
283,경주시,2020-04,551.41
283,경주시,2020-05,555.77
283,경주시,2020-06,550.19
283,경주시,2020-07,323.02
283,경주시,2020-08,469.03
283,경주시,2020-09,331.31
283,경주시,2020-10,366.89
283,경주시,2020-11,276.36
283,경주시,2020-12,312.86
283,경주시,2021-01,315.05
283,경주시,2021-02,376.5
283,경주시,2021-03,472.04
283,경주시,2021-04,593.36
283,경주시,2021-05,598.59
283,경주시,2021-06,543.72
283,경주시,2021-07,568.01
283,경주시,2021-08,435.54
283,경주시,2021-09,355.94
283,경주시,2021-10,384.37
283,경주시,2021-11,319.64
283,경주시,2021-12,312.27
283,경주시,2022-01,343.92
283,경주시,2022-02,414.39
283,경주시,2022-03,457.33
283,경주시,2022-04,604.94
283,경주시,2022-05,788.89
283,경주시,2022-06,593.91
283,경주시,2022-07,521.09
283,경주시,2022-08,472.61
283,경주시,2022-09,384.06
283,경주시,2022-10,398.95
283,경주시,2022-11,328.11
283,경주시,2022-12,315.1
283,경주시,2023-01,335.77
283,경주시,2023-02,346.87
283,경주시,2023-03,515.74
283,경주시,2023-04,572.62
283,경주시,2023-05,597.65
283,경주시,2023-06,640.69
283,경주시,2023-07,487.63
283,경주시,2023-08,529.17
283,경주시,2023-09,403.36
283,경주시,2023-10,456.2
283,경주시,2023-11,351.03
283,경주시,2023-12,276.29
283,경주시,2024-01,313.39
283,경주시,2024-02,243.19
283,경주시,2024-03,477.35
283,경주시,2024-04,496.79
283,경주시,2024-05,698.03
283,경주시,2024-06,634.4
283,경주시,2024-07,558.28
283,경주시,2024-08,634.75
283,경주시,2024-09,414.83
283,경주시,2024-10,330.81
283,경주시,2024-11,283.35
283,경주시,2024-12,312.87
283,경주시,2025-01,322.51
283,경주시,2025-02,425.2
283,경주시,2025-03,488.82
283,경주시,2025-04,644.57
283,경주시,2025-05,627.28
283,경주시,2025-06,640.26
283,경주시,2025-07,659.45
283,경주시,2025-08,639.3
283,경주시,2025-09,361.68
283,경주시,2025-10,251.49
283,경주시,2025-11,354.75
283,경주시,2025-12,283.75
284,거창,2025-04,211.44
284,거창,2025-05,578.97
284,거창,2025-06,626.17
284,거창,2025-07,702.79
284,거창,2025-08,605.46
284,거창,2025-09,405.11
284,거창,2025-10,311.42
284,거창,2025-11,346.92
284,거창,2025-12,282.98
288,밀양,2025-05,595.4
288,밀양,2025-06,607.66
288,밀양,2025-07,670.12
288,밀양,2025-08,574.94
288,밀양,2025-09,380.64
288,밀양,2025-10,326.23
288,밀양,2025-11,352.04
288,밀양,2025-12,289.86
296,북부산,2023-01,328.97
296,북부산,2023-02,496.34
296,북부산,2023-03,497.5
296,북부산,2023-04,551.66
296,북부산,2023-05,560.59
296,북부산,2023-06,602.67
296,북부산,2023-07,492.82
296,북부산,2023-08,576.3
296,북부산,2023-09,419.23
296,북부산,2023-10,461.65
296,북부산,2023-11,235.85
296,북부산,2023-12,151.1
296,북부산,2024-01,297.57
296,북부산,2024-02,230.4
296,북부산,2024-03,490.27
296,북부산,2024-04,508.06
296,북부산,2024-05,728.51
296,북부산,2024-06,581.32
296,북부산,2024-07,516.67
296,북부산,2024-08,639.9
296,북부산,2024-09,469.75
296,북부산,2024-10,347.38
296,북부산,2024-11,304.38
296,북부산,2024-12,329.29
296,북부산,2025-01,347.27
296,북부산,2025-02,417.68
296,북부산,2025-03,477.25
296,북부산,2025-04,582.41
296,북부산,2025-05,601.19
296,북부산,2025-06,614.02
296,북부산,2025-07,712.7
296,북부산,2025-08,597.64
296,북부산,2025-09,422.76
296,북부산,2025-10,331.15
296,북부산,2025-11,350.07
296,북부산,2025-12,299.91
